Episode,Original_Reward,Reward_Type,Seed
1,-668.0,BASE,1
2,-650.0,BASE,1
3,-650.0,BASE,1
4,-654.5,BASE,1
5,-655.4,BASE,1
6,-608.0,BASE,1
7,-620.4285714285714,BASE,1
8,-623.0,BASE,1
9,-625.0,BASE,1
10,-615.8,BASE,1
11,-618.0909090909091,BASE,1
12,-611.0,BASE,1
13,-572.8461538461538,BASE,1
14,-572.5714285714286,BASE,1
15,-571.1333333333333,BASE,1
16,-569.875,BASE,1
17,-550.2941176470588,BASE,1
18,-532.2222222222222,BASE,1
19,-532.7368421052631,BASE,1
20,-506.4,BASE,1
21,-514.0952380952381,BASE,1
22,-508.0,BASE,1
23,-490.3478260869565,BASE,1
24,-494.375,BASE,1
25,-491.24,BASE,1
26,-477.04,BASE,1
27,-458.4,BASE,1
28,-435.56,BASE,1
29,-432.32,BASE,1
30,-417.2,BASE,1
31,-404.6,BASE,1
32,-398.12,BASE,1
33,-393.44,BASE,1
34,-377.12,BASE,1
35,-369.56,BASE,1
36,-369.92,BASE,1
37,-365.6,BASE,1
38,-383.8,BASE,1
39,-360.84,BASE,1
40,-357.96,BASE,1
41,-355.8,BASE,1
42,-363.56,BASE,1
43,-354.36,BASE,1
44,-337.68,BASE,1
45,-337.04,BASE,1
46,-331.28,BASE,1
47,-329.68,BASE,1
48,-329.84,BASE,1
49,-313.36,BASE,1
50,-305.24,BASE,1
51,-292.12,BASE,1
52,-286.44,BASE,1
53,-298.48,BASE,1
54,-277.84,BASE,1
55,-273.32,BASE,1
56,-274.2,BASE,1
57,-252.36,BASE,1
58,-232.08,BASE,1
59,-227.8,BASE,1
60,-214.36,BASE,1
61,-187.88,BASE,1
62,-173.64,BASE,1
63,-153.04,BASE,1
64,-153.64,BASE,1
65,-136.76,BASE,1
66,-116.8,BASE,1
67,-103.0,BASE,1
68,-105.96,BASE,1
69,-105.12,BASE,1
70,-105.16,BASE,1
71,-87.68,BASE,1
72,-80.48,BASE,1
73,-75.88,BASE,1
74,-77.88,BASE,1
75,-79.24,BASE,1
76,-90.36,BASE,1
77,-97.52,BASE,1
78,-103.28,BASE,1
79,-112.4,BASE,1
80,-105.52,BASE,1
81,-102.28,BASE,1
82,-112.6,BASE,1
83,-122.8,BASE,1
84,-117.28,BASE,1
85,-122.52,BASE,1
86,-124.36,BASE,1
87,-122.92,BASE,1
88,-122.68,BASE,1
89,-122.08,BASE,1
90,-120.12,BASE,1
91,-122.28,BASE,1
92,-119.88,BASE,1
93,-118.04,BASE,1
94,-113.88,BASE,1
95,-117.24,BASE,1
96,-113.64,BASE,1
97,-117.4,BASE,1
98,-117.76,BASE,1
99,-108.88,BASE,1
100,-99.04,BASE,1
101,-91.88,BASE,1
102,-83.32,BASE,1
103,-65.04,BASE,1
104,-57.84,BASE,1
105,-57.92,BASE,1
106,-61.12,BASE,1
107,-51.56,BASE,1
108,-44.04,BASE,1
109,-43.96,BASE,1
110,-40.52,BASE,1
111,-42.0,BASE,1
112,-40.32,BASE,1
113,-39.96,BASE,1
114,-43.08,BASE,1
115,-42.96,BASE,1
116,-41.64,BASE,1
117,-40.72,BASE,1
118,-39.68,BASE,1
119,-40.84,BASE,1
120,-37.64,BASE,1
121,-39.0,BASE,1
122,-29.92,BASE,1
123,-29.6,BASE,1
124,-37.6,BASE,1
125,-37.16,BASE,1
126,-34.04,BASE,1
127,-37.84,BASE,1
128,-34.76,BASE,1
129,-29.68,BASE,1
130,-29.8,BASE,1
131,-26.24,BASE,1
132,-36.52,BASE,1
133,-32.68,BASE,1
134,-32.96,BASE,1
135,-31.2,BASE,1
136,-28.12,BASE,1
137,-28.44,BASE,1
138,-26.76,BASE,1
139,-24.04,BASE,1
140,-27.44,BASE,1
141,-26.88,BASE,1
142,-26.68,BASE,1
143,-27.04,BASE,1
144,-26.4,BASE,1
145,-26.64,BASE,1
146,-25.48,BASE,1
147,-24.92,BASE,1
148,-24.8,BASE,1
149,-17.04,BASE,1
150,-18.88,BASE,1
151,-18.08,BASE,1
152,-14.32,BASE,1
153,-17.48,BASE,1
154,-21.24,BASE,1
155,-20.72,BASE,1
156,-21.04,BASE,1
157,-10.12,BASE,1
158,-16.48,BASE,1
159,-16.8,BASE,1
160,-16.64,BASE,1
161,-18.04,BASE,1
162,-24.32,BASE,1
163,-25.2,BASE,1
164,-24.52,BASE,1
165,-20.88,BASE,1
166,-20.28,BASE,1
167,-19.8,BASE,1
168,-19.08,BASE,1
169,-21.4,BASE,1
170,-21.2,BASE,1
171,-28.72,BASE,1
172,-28.48,BASE,1
173,-28.56,BASE,1
174,-28.12,BASE,1
175,-26.96,BASE,1
176,-27.28,BASE,1
177,-27.08,BASE,1
178,-23.88,BASE,1
179,-20.16,BASE,1
180,-27.96,BASE,1
181,-28.2,BASE,1
182,-28.16,BASE,1
183,-22.04,BASE,1
184,-26.08,BASE,1
185,-27.04,BASE,1
186,-25.52,BASE,1
187,-19.28,BASE,1
188,-20.48,BASE,1
189,-20.88,BASE,1
190,-21.84,BASE,1
191,-22.0,BASE,1
192,-23.4,BASE,1
193,-24.0,BASE,1
194,-21.2,BASE,1
195,-21.08,BASE,1
196,-13.64,BASE,1
197,-13.16,BASE,1
198,-13.28,BASE,1
199,-13.56,BASE,1
200,-13.6,BASE,1
201,-13.72,BASE,1
202,-14.0,BASE,1
203,-14.48,BASE,1
204,-14.84,BASE,1
205,-10.92,BASE,1
206,-11.0,BASE,1
207,-11.36,BASE,1
208,-12.16,BASE,1
209,-7.8,BASE,1
210,-6.52,BASE,1
211,-6.52,BASE,1
212,-6.4,BASE,1
213,-6.24,BASE,1
214,-9.44,BASE,1
215,-10.64,BASE,1
216,-15.4,BASE,1
217,-14.16,BASE,1
218,-14.04,BASE,1
219,-13.52,BASE,1
220,-16.2,BASE,1
221,-19.04,BASE,1
222,-18.92,BASE,1
223,-20.24,BASE,1
224,-20.64,BASE,1
225,-19.8,BASE,1
226,-20.04,BASE,1
227,-19.92,BASE,1
228,-20.04,BASE,1
229,-24.2,BASE,1
230,-21.52,BASE,1
231,-21.88,BASE,1
232,-21.48,BASE,1
233,-20.52,BASE,1
234,-20.6,BASE,1
235,-20.32,BASE,1
236,-21.08,BASE,1
237,-25.8,BASE,1
238,-24.2,BASE,1
239,-20.8,BASE,1
240,-18.44,BASE,1
241,-13.84,BASE,1
242,-16.92,BASE,1
243,-16.56,BASE,1
244,-17.08,BASE,1
245,-14.32,BASE,1
246,-11.72,BASE,1
247,-12.04,BASE,1
248,-12.04,BASE,1
249,-13.44,BASE,1
250,-14.24,BASE,1
251,-13.92,BASE,1
252,-13.92,BASE,1
253,-13.56,BASE,1
254,-10.88,BASE,1
255,-10.4,BASE,1
256,-10.24,BASE,1
257,-10.92,BASE,1
258,-14.84,BASE,1
259,-14.68,BASE,1
260,-14.68,BASE,1
261,-14.44,BASE,1
262,-9.52,BASE,1
263,-8.96,BASE,1
264,-8.84,BASE,1
265,-10.08,BASE,1
266,-9.72,BASE,1
267,-6.72,BASE,1
268,-7.08,BASE,1
269,-6.68,BASE,1
270,-6.64,BASE,1
271,-8.04,BASE,1
272,-7.68,BASE,1
273,-6.28,BASE,1
274,-4.16,BASE,1
275,-5.36,BASE,1
276,-5.76,BASE,1
277,-6.28,BASE,1
278,-6.08,BASE,1
279,-4.24,BASE,1
280,-5.76,BASE,1
281,-10.84,BASE,1
282,-10.84,BASE,1
283,-7.08,BASE,1
284,-7.56,BASE,1
285,-7.6,BASE,1
286,-9.84,BASE,1
287,-10.0,BASE,1
288,-10.4,BASE,1
289,-10.72,BASE,1
290,-9.24,BASE,1
291,-9.76,BASE,1
292,-9.48,BASE,1
293,-9.44,BASE,1
294,-9.48,BASE,1
295,-9.8,BASE,1
296,-9.8,BASE,1
297,-9.84,BASE,1
298,-10.56,BASE,1
299,-10.28,BASE,1
300,-8.96,BASE,1
301,-8.64,BASE,1
302,-9.36,BASE,1
303,-9.48,BASE,1
304,-9.2,BASE,1
305,-7.12,BASE,1
306,-2.12,BASE,1
307,-1.6,BASE,1
308,-1.68,BASE,1
309,-1.64,BASE,1
310,-1.68,BASE,1
311,0.96,BASE,1
312,0.84,BASE,1
313,0.88,BASE,1
314,1.36,BASE,1
315,1.36,BASE,1
316,0.8,BASE,1
317,0.6,BASE,1
318,1.04,BASE,1
319,1.0,BASE,1
320,1.12,BASE,1
321,3.36,BASE,1
322,3.32,BASE,1
323,4.0,BASE,1
324,3.56,BASE,1
325,3.52,BASE,1
326,3.44,BASE,1
327,4.64,BASE,1
328,4.56,BASE,1
329,3.36,BASE,1
330,3.36,BASE,1
331,3.24,BASE,1
332,2.72,BASE,1
333,1.92,BASE,1
334,1.56,BASE,1
335,0.32,BASE,1
336,0.32,BASE,1
337,-1.52,BASE,1
338,-1.48,BASE,1
339,-1.92,BASE,1
340,-2.12,BASE,1
341,-1.24,BASE,1
342,-1.08,BASE,1
343,-1.24,BASE,1
344,-1.84,BASE,1
345,-1.6,BASE,1
346,-2.24,BASE,1
347,-3.2,BASE,1
348,-4.08,BASE,1
349,-4.16,BASE,1
350,-3.76,BASE,1
351,-3.6,BASE,1
352,-3.8,BASE,1
353,-3.52,BASE,1
354,-3.2,BASE,1
355,-3.8,BASE,1
356,-2.84,BASE,1
357,-2.28,BASE,1
358,-1.72,BASE,1
359,-1.32,BASE,1
360,-0.52,BASE,1
361,-0.84,BASE,1
362,1.12,BASE,1
363,1.24,BASE,1
364,1.32,BASE,1
365,1.4,BASE,1
366,0.76,BASE,1
367,0.32,BASE,1
368,0.24,BASE,1
369,-0.28,BASE,1
370,-1.24,BASE,1
371,-0.56,BASE,1
372,0.36,BASE,1
373,1.4,BASE,1
374,1.84,BASE,1
375,1.64,BASE,1
376,1.64,BASE,1
377,0.56,BASE,1
378,-0.36,BASE,1
379,0.2,BASE,1
380,0.8,BASE,1
381,-0.12,BASE,1
382,-0.64,BASE,1
383,-0.28,BASE,1
384,-0.84,BASE,1
385,-1.24,BASE,1
386,-0.84,BASE,1
387,-0.88,BASE,1
388,-0.64,BASE,1
389,-2.24,BASE,1
390,-2.48,BASE,1
391,-1.76,BASE,1
392,-1.64,BASE,1
393,-3.0,BASE,1
394,-3.92,BASE,1
395,-3.96,BASE,1
396,-5.6,BASE,1
397,-5.52,BASE,1
398,-5.72,BASE,1
399,-5.68,BASE,1
400,-5.36,BASE,1
401,-5.4,BASE,1
402,-4.4,BASE,1
403,-3.44,BASE,1
404,-4.12,BASE,1
405,-6.2,BASE,1
406,-5.8,BASE,1
407,-5.88,BASE,1
408,-5.84,BASE,1
409,-4.92,BASE,1
410,-3.88,BASE,1
411,-3.92,BASE,1
412,-5.48,BASE,1
413,-5.28,BASE,1
414,-3.56,BASE,1
415,-3.8,BASE,1
416,-3.96,BASE,1
417,-4.68,BASE,1
418,-4.12,BASE,1
419,-8.88,BASE,1
420,-8.52,BASE,1
421,-7.0,BASE,1
422,-7.32,BASE,1
423,-8.0,BASE,1
424,-7.88,BASE,1
425,-7.84,BASE,1
426,-7.68,BASE,1
427,-7.4,BASE,1
428,-7.56,BASE,1
429,-8.36,BASE,1
430,-6.92,BASE,1
431,-6.4,BASE,1
432,-6.44,BASE,1
433,-6.48,BASE,1
434,-6.84,BASE,1
435,-7.0,BASE,1
436,-8.04,BASE,1
437,-6.44,BASE,1
438,-7.12,BASE,1
439,-7.04,BASE,1
440,-6.72,BASE,1
441,-6.68,BASE,1
442,-5.92,BASE,1
443,-5.12,BASE,1
444,1.68,BASE,1
445,1.8,BASE,1
446,1.84,BASE,1
447,2.16,BASE,1
448,2.48,BASE,1
449,2.4,BASE,1
450,2.36,BASE,1
451,1.68,BASE,1
452,1.48,BASE,1
453,1.12,BASE,1
454,2.12,BASE,1
455,2.8,BASE,1
456,-0.92,BASE,1
457,-0.36,BASE,1
458,-1.2,BASE,1
459,-1.84,BASE,1
460,-1.8,BASE,1
461,-0.64,BASE,1
462,-0.56,BASE,1
463,-0.12,BASE,1
464,-1.04,BASE,1
465,-0.8,BASE,1
466,-1.08,BASE,1
467,-1.56,BASE,1
468,-1.6,BASE,1
469,-1.52,BASE,1
470,-1.64,BASE,1
471,-1.92,BASE,1
472,-2.0,BASE,1
473,-1.8,BASE,1
474,-2.96,BASE,1
475,-2.92,BASE,1
476,-2.36,BASE,1
477,-3.56,BASE,1
478,-3.84,BASE,1
479,-3.32,BASE,1
480,-3.64,BASE,1
481,0.04,BASE,1
482,-1.24,BASE,1
483,-0.88,BASE,1
484,0.04,BASE,1
485,-1.4,BASE,1
486,-2.0,BASE,1
487,-1.76,BASE,1
488,-1.76,BASE,1
489,-0.8,BASE,1
490,-1.4,BASE,1
491,-1.32,BASE,1
492,-0.72,BASE,1
493,-1.52,BASE,1
494,-2.0,BASE,1
495,-1.96,BASE,1
496,-2.64,BASE,1
497,-3.08,BASE,1
498,-2.64,BASE,1
499,-1.6,BASE,1
500,-1.72,BASE,1
501,-8.08,BASE,1
502,-6.64,BASE,1
503,-6.08,BASE,1
504,-6.16,BASE,1
505,-6.0,BASE,1
506,-7.4,BASE,1
507,-6.08,BASE,1
508,-5.88,BASE,1
509,-5.84,BASE,1
510,-5.6,BASE,1
511,-5.56,BASE,1
512,-5.68,BASE,1
513,-6.08,BASE,1
514,-6.48,BASE,1
515,-6.16,BASE,1
516,-6.2,BASE,1
517,-6.28,BASE,1
518,-6.88,BASE,1
519,-6.84,BASE,1
520,-6.36,BASE,1
521,-6.08,BASE,1
522,-5.68,BASE,1
523,-7.16,BASE,1
524,-6.88,BASE,1
525,-7.44,BASE,1
526,-2.08,BASE,1
527,-2.76,BASE,1
528,-2.72,BASE,1
529,-3.04,BASE,1
530,-4.32,BASE,1
531,-3.72,BASE,1
532,-3.8,BASE,1
533,-5.2,BASE,1
534,-5.12,BASE,1
535,-4.6,BASE,1
536,-4.96,BASE,1
537,-4.92,BASE,1
538,-5.0,BASE,1
539,-5.4,BASE,1
540,-5.72,BASE,1
541,-5.36,BASE,1
542,-5.44,BASE,1
543,-3.76,BASE,1
544,-3.68,BASE,1
545,-4.36,BASE,1
546,-5.08,BASE,1
547,-5.32,BASE,1
548,-3.96,BASE,1
549,-4.24,BASE,1
550,-3.92,BASE,1
551,-2.84,BASE,1
552,-2.24,BASE,1
553,-2.16,BASE,1
554,-1.96,BASE,1
555,-0.52,BASE,1
556,0.28,BASE,1
557,0.28,BASE,1
558,1.96,BASE,1
559,1.72,BASE,1
560,1.64,BASE,1
561,2.28,BASE,1
562,2.16,BASE,1
563,2.72,BASE,1
564,2.56,BASE,1
565,3.24,BASE,1
566,3.2,BASE,1
567,2.48,BASE,1
568,1.32,BASE,1
569,1.2,BASE,1
570,1.64,BASE,1
571,1.28,BASE,1
572,1.52,BASE,1
573,1.48,BASE,1
574,1.68,BASE,1
575,1.28,BASE,1
576,0.8,BASE,1
577,0.76,BASE,1
578,-0.12,BASE,1
579,0.0,BASE,1
580,-0.4,BASE,1
581,-0.96,BASE,1
582,-0.76,BASE,1
583,-0.52,BASE,1
584,-0.76,BASE,1
585,0.16,BASE,1
586,-0.44,BASE,1
587,-0.32,BASE,1
588,-0.92,BASE,1
589,0.04,BASE,1
590,-0.64,BASE,1
591,-0.56,BASE,1
592,-0.32,BASE,1
593,0.48,BASE,1
594,0.88,BASE,1
595,1.08,BASE,1
596,2.68,BASE,1
597,2.36,BASE,1
598,2.16,BASE,1
599,1.56,BASE,1
600,1.76,BASE,1
601,2.28,BASE,1
602,1.92,BASE,1
603,1.48,BASE,1
604,1.32,BASE,1
605,1.68,BASE,1
606,2.24,BASE,1
607,2.0,BASE,1
608,1.24,BASE,1
609,1.52,BASE,1
610,1.16,BASE,1
611,1.72,BASE,1
612,1.68,BASE,1
613,2.28,BASE,1
614,1.28,BASE,1
615,1.88,BASE,1
616,1.8,BASE,1
617,1.76,BASE,1
618,1.8,BASE,1
619,1.24,BASE,1
620,0.64,BASE,1
621,0.16,BASE,1
622,-0.12,BASE,1
623,-0.36,BASE,1
624,0.2,BASE,1
625,0.6,BASE,1
626,0.64,BASE,1
627,1.04,BASE,1
628,2.32,BASE,1
629,2.4,BASE,1
630,2.32,BASE,1
631,2.12,BASE,1
632,2.44,BASE,1
633,3.12,BASE,1
634,3.08,BASE,1
635,3.28,BASE,1
636,3.6,BASE,1
637,3.52,BASE,1
638,1.92,BASE,1
639,2.36,BASE,1
640,2.36,BASE,1
641,2.04,BASE,1
642,2.76,BASE,1
643,2.76,BASE,1
644,3.36,BASE,1
645,4.16,BASE,1
646,4.72,BASE,1
647,5.32,BASE,1
648,5.84,BASE,1
649,5.6,BASE,1
650,5.44,BASE,1
651,5.24,BASE,1
652,5.28,BASE,1
653,4.0,BASE,1
654,4.16,BASE,1
655,4.0,BASE,1
656,4.0,BASE,1
657,3.4,BASE,1
658,3.32,BASE,1
659,3.36,BASE,1
660,3.24,BASE,1
661,1.96,BASE,1
662,2.16,BASE,1
663,3.24,BASE,1
664,3.92,BASE,1
665,3.76,BASE,1
666,3.88,BASE,1
667,3.56,BASE,1
668,3.64,BASE,1
669,3.16,BASE,1
670,2.32,BASE,1
671,1.88,BASE,1
672,1.68,BASE,1
673,1.52,BASE,1
674,1.12,BASE,1
675,1.56,BASE,1
676,1.84,BASE,1
677,1.72,BASE,1
678,1.68,BASE,1
679,1.16,BASE,1
680,1.48,BASE,1
681,1.36,BASE,1
682,1.28,BASE,1
683,0.92,BASE,1
684,0.96,BASE,1
685,0.68,BASE,1
686,1.96,BASE,1
687,1.76,BASE,1
688,2.24,BASE,1
689,1.2,BASE,1
690,0.96,BASE,1
691,1.28,BASE,1
692,0.72,BASE,1
693,0.0,BASE,1
694,0.52,BASE,1
695,1.12,BASE,1
696,1.52,BASE,1
697,1.88,BASE,1
698,2.04,BASE,1
699,2.56,BASE,1
700,2.4,BASE,1
701,2.32,BASE,1
702,2.24,BASE,1
703,3.24,BASE,1
704,2.8,BASE,1
705,2.8,BASE,1
706,2.72,BASE,1
707,3.2,BASE,1
708,3.48,BASE,1
709,3.64,BASE,1
710,4.04,BASE,1
711,4.0,BASE,1
712,2.12,BASE,1
713,1.32,BASE,1
714,1.36,BASE,1
715,1.72,BASE,1
716,1.16,BASE,1
717,1.44,BASE,1
718,0.88,BASE,1
719,0.0,BASE,1
720,0.12,BASE,1
721,0.0,BASE,1
722,-0.4,BASE,1
723,-0.56,BASE,1
724,-0.72,BASE,1
725,-0.76,BASE,1
726,-0.8,BASE,1
727,-1.16,BASE,1
728,-0.96,BASE,1
729,0.16,BASE,1
730,0.08,BASE,1
731,-0.36,BASE,1
732,-0.2,BASE,1
733,-0.08,BASE,1
734,-0.24,BASE,1
735,-0.68,BASE,1
736,-1.12,BASE,1
737,0.64,BASE,1
738,1.36,BASE,1
739,0.76,BASE,1
740,-0.44,BASE,1
741,-0.6,BASE,1
742,-0.08,BASE,1
743,1.36,BASE,1
744,2.04,BASE,1
745,1.96,BASE,1
746,1.64,BASE,1
747,1.32,BASE,1
748,1.2,BASE,1
749,0.52,BASE,1
750,0.12,BASE,1
751,0.08,BASE,1
752,0.08,BASE,1
753,0.12,BASE,1
754,0.04,BASE,1
755,-0.08,BASE,1
756,-0.32,BASE,1
757,-0.36,BASE,1
758,-0.68,BASE,1
759,-0.76,BASE,1
760,-1.28,BASE,1
761,-0.8,BASE,1
762,-1.72,BASE,1
763,-1.8,BASE,1
764,-1.32,BASE,1
765,-0.24,BASE,1
766,0.36,BASE,1
767,0.32,BASE,1
768,-0.36,BASE,1
769,-0.2,BASE,1
770,-0.08,BASE,1
771,0.4,BASE,1
772,0.56,BASE,1
773,0.84,BASE,1
774,1.6,BASE,1
775,1.6,BASE,1
776,1.48,BASE,1
777,2.0,BASE,1
778,1.6,BASE,1
779,1.24,BASE,1
780,0.92,BASE,1
781,2.0,BASE,1
782,1.84,BASE,1
783,1.84,BASE,1
784,1.96,BASE,1
785,2.4,BASE,1
786,2.16,BASE,1
787,3.12,BASE,1
788,3.2,BASE,1
789,3.6,BASE,1
790,3.4,BASE,1
791,3.44,BASE,1
792,3.12,BASE,1
793,3.96,BASE,1
794,4.0,BASE,1
795,3.36,BASE,1
796,2.88,BASE,1
797,3.28,BASE,1
798,2.28,BASE,1
799,2.2,BASE,1
800,1.92,BASE,1
801,2.36,BASE,1
802,1.6,BASE,1
803,2.12,BASE,1
804,2.28,BASE,1
805,2.68,BASE,1
806,1.88,BASE,1
807,1.92,BASE,1
808,2.08,BASE,1
809,2.2,BASE,1
810,2.6,BASE,1
811,2.4,BASE,1
812,2.44,BASE,1
813,2.6,BASE,1
814,3.12,BASE,1
815,3.4,BASE,1
816,3.52,BASE,1
817,3.52,BASE,1
818,3.0,BASE,1
819,2.64,BASE,1
820,3.28,BASE,1
821,3.4,BASE,1
822,3.52,BASE,1
823,3.96,BASE,1
824,3.96,BASE,1
825,4.72,BASE,1
826,4.04,BASE,1
827,4.4,BASE,1
828,3.72,BASE,1
829,3.88,BASE,1
830,3.16,BASE,1
831,3.36,BASE,1
832,3.12,BASE,1
833,2.84,BASE,1
834,2.64,BASE,1
835,2.52,BASE,1
836,2.72,BASE,1
837,2.36,BASE,1
838,2.32,BASE,1
839,1.4,BASE,1
840,1.6,BASE,1
841,1.6,BASE,1
842,1.44,BASE,1
843,1.64,BASE,1
844,1.24,BASE,1
845,0.64,BASE,1
846,0.92,BASE,1
847,0.96,BASE,1
848,1.2,BASE,1
849,0.88,BASE,1
850,0.84,BASE,1
851,1.12,BASE,1
852,1.12,BASE,1
853,1.68,BASE,1
854,1.76,BASE,1
855,2.52,BASE,1
856,3.28,BASE,1
857,3.44,BASE,1
858,3.64,BASE,1
859,3.24,BASE,1
860,2.08,BASE,1
861,1.92,BASE,1
862,2.4,BASE,1
863,1.76,BASE,1
864,1.8,BASE,1
865,1.36,BASE,1
866,0.44,BASE,1
867,0.84,BASE,1
868,1.0,BASE,1
869,1.8,BASE,1
870,1.84,BASE,1
871,1.8,BASE,1
872,1.72,BASE,1
873,1.92,BASE,1
874,2.2,BASE,1
875,2.2,BASE,1
876,1.96,BASE,1
877,2.28,BASE,1
878,1.44,BASE,1
879,1.52,BASE,1
880,0.72,BASE,1
881,-0.36,BASE,1
882,-0.28,BASE,1
883,-0.2,BASE,1
884,0.0,BASE,1
885,0.84,BASE,1
886,0.72,BASE,1
887,0.8,BASE,1
888,1.04,BASE,1
889,1.88,BASE,1
890,1.24,BASE,1
891,2.0,BASE,1
892,2.04,BASE,1
893,1.88,BASE,1
894,1.76,BASE,1
895,1.76,BASE,1
896,1.52,BASE,1
897,1.16,BASE,1
898,1.0,BASE,1
899,1.24,BASE,1
900,1.36,BASE,1
901,1.16,BASE,1
902,1.04,BASE,1
903,1.92,BASE,1
904,1.6,BASE,1
905,2.52,BASE,1
906,3.28,BASE,1
907,3.44,BASE,1
908,3.4,BASE,1
909,3.36,BASE,1
910,3.6,BASE,1
911,3.48,BASE,1
912,3.4,BASE,1
913,2.84,BASE,1
914,2.6,BASE,1
915,3.08,BASE,1
916,2.76,BASE,1
917,2.44,BASE,1
918,2.48,BASE,1
919,2.64,BASE,1
920,2.6,BASE,1
921,3.04,BASE,1
922,3.52,BASE,1
923,3.8,BASE,1
924,3.84,BASE,1
925,2.32,BASE,1
926,3.08,BASE,1
927,3.36,BASE,1
928,3.36,BASE,1
929,2.36,BASE,1
930,1.96,BASE,1
931,1.6,BASE,1
932,1.36,BASE,1
933,1.28,BASE,1
934,1.76,BASE,1
935,1.88,BASE,1
936,2.04,BASE,1
937,1.56,BASE,1
938,2.28,BASE,1
939,2.36,BASE,1
940,2.68,BASE,1
941,2.84,BASE,1
942,3.2,BASE,1
943,3.28,BASE,1
944,2.92,BASE,1
945,2.24,BASE,1
946,1.72,BASE,1
947,1.16,BASE,1
948,1.2,BASE,1
949,1.04,BASE,1
950,2.44,BASE,1
951,1.92,BASE,1
952,1.8,BASE,1
953,1.72,BASE,1
954,2.84,BASE,1
955,3.08,BASE,1
956,3.64,BASE,1
957,3.56,BASE,1
958,3.64,BASE,1
959,3.76,BASE,1
960,3.8,BASE,1
961,3.8,BASE,1
962,2.08,BASE,1
963,1.68,BASE,1
964,0.0,BASE,1
965,-0.36,BASE,1
966,-0.04,BASE,1
967,-0.24,BASE,1
968,-0.52,BASE,1
969,-0.64,BASE,1
970,-0.48,BASE,1
971,-0.04,BASE,1
972,0.04,BASE,1
973,-0.12,BASE,1
974,-0.08,BASE,1
975,0.04,BASE,1
976,-0.24,BASE,1
977,-0.44,BASE,1
978,-1.08,BASE,1
979,-1.56,BASE,1
980,-1.52,BASE,1
981,-2.08,BASE,1
982,-1.76,BASE,1
983,-1.84,BASE,1
984,-1.84,BASE,1
985,-1.84,BASE,1
986,-1.6,BASE,1
987,0.12,BASE,1
988,0.4,BASE,1
989,2.0,BASE,1
990,2.56,BASE,1
991,2.24,BASE,1
992,1.48,BASE,1
993,1.36,BASE,1
994,1.64,BASE,1
995,2.64,BASE,1
996,2.36,BASE,1
997,2.4,BASE,1
998,2.56,BASE,1
999,2.64,BASE,1
1000,2.08,BASE,1
1,-749.0,SPARSE,1
2,-726.5,SPARSE,1
3,-734.0,SPARSE,1
4,-719.75,SPARSE,1
5,-738.2,SPARSE,1
6,-746.0,SPARSE,1
7,-752.8571428571429,SPARSE,1
8,-767.0,SPARSE,1
9,-778.0,SPARSE,1
10,-782.3,SPARSE,1
11,-780.0909090909091,SPARSE,1
12,-784.25,SPARSE,1
13,-788.4615384615385,SPARSE,1
14,-785.0,SPARSE,1
15,-785.6,SPARSE,1
16,-783.875,SPARSE,1
17,-778.6470588235294,SPARSE,1
18,-782.0,SPARSE,1
19,-782.6315789473684,SPARSE,1
20,-776.45,SPARSE,1
21,-778.1428571428571,SPARSE,1
22,-783.3636363636364,SPARSE,1
23,-783.0434782608696,SPARSE,1
24,-784.25,SPARSE,1
25,-782.12,SPARSE,1
26,-784.28,SPARSE,1
27,-785.72,SPARSE,1
28,-787.52,SPARSE,1
29,-793.28,SPARSE,1
30,-794.36,SPARSE,1
31,-795.08,SPARSE,1
32,-799.76,SPARSE,1
33,-794.72,SPARSE,1
34,-792.56,SPARSE,1
35,-790.76,SPARSE,1
36,-792.56,SPARSE,1
37,-791.84,SPARSE,1
38,-790.76,SPARSE,1
39,-782.4,SPARSE,1
40,-784.2,SPARSE,1
41,-782.4,SPARSE,1
42,-786.0,SPARSE,1
43,-779.16,SPARSE,1
44,-747.28,SPARSE,1
45,-739.84,SPARSE,1
46,-740.56,SPARSE,1
47,-733.72,SPARSE,1
48,-735.16,SPARSE,1
49,-734.08,SPARSE,1
50,-735.88,SPARSE,1
51,-733.48,SPARSE,1
52,-703.68,SPARSE,1
53,-690.16,SPARSE,1
54,-684.4,SPARSE,1
55,-680.08,SPARSE,1
56,-663.24,SPARSE,1
57,-659.28,SPARSE,1
58,-630.52,SPARSE,1
59,-631.24,SPARSE,1
60,-632.68,SPARSE,1
61,-634.84,SPARSE,1
62,-647.8,SPARSE,1
63,-616.56,SPARSE,1
64,-615.36,SPARSE,1
65,-582.12,SPARSE,1
66,-553.28,SPARSE,1
67,-552.56,SPARSE,1
68,-558.32,SPARSE,1
69,-558.32,SPARSE,1
70,-567.92,SPARSE,1
71,-558.56,SPARSE,1
72,-529.4,SPARSE,1
73,-496.48,SPARSE,1
74,-517.72,SPARSE,1
75,-518.44,SPARSE,1
76,-521.92,SPARSE,1
77,-592.76,SPARSE,1
78,-599.0,SPARSE,1
79,-609.44,SPARSE,1
80,-612.68,SPARSE,1
81,-629.16,SPARSE,1
82,-627.36,SPARSE,1
83,-660.8,SPARSE,1
84,-636.08,SPARSE,1
85,-631.88,SPARSE,1
86,-630.08,SPARSE,1
87,-649.16,SPARSE,1
88,-678.6,SPARSE,1
89,-661.4,SPARSE,1
90,-691.4,SPARSE,1
91,-691.4,SPARSE,1
92,-660.52,SPARSE,1
93,-627.72,SPARSE,1
94,-660.32,SPARSE,1
95,-660.32,SPARSE,1
96,-661.4,SPARSE,1
97,-694.52,SPARSE,1
98,-699.92,SPARSE,1
99,-648.2,SPARSE,1
100,-646.76,SPARSE,1
101,-620.96,SPARSE,1
102,-550.64,SPARSE,1
103,-560.44,SPARSE,1
104,-522.84,SPARSE,1
105,-490.04,SPARSE,1
106,-511.28,SPARSE,1
107,-480.36,SPARSE,1
108,-479.64,SPARSE,1
109,-487.24,SPARSE,1
110,-458.6,SPARSE,1
111,-454.28,SPARSE,1
112,-396.72,SPARSE,1
113,-365.68,SPARSE,1
114,-363.12,SPARSE,1
115,-332.56,SPARSE,1
116,-332.84,SPARSE,1
117,-332.76,SPARSE,1
118,-332.8,SPARSE,1
119,-300.32,SPARSE,1
120,-278.68,SPARSE,1
121,-253.56,SPARSE,1
122,-220.88,SPARSE,1
123,-215.4,SPARSE,1
124,-214.72,SPARSE,1
125,-184.08,SPARSE,1
126,-203.4,SPARSE,1
127,-204.24,SPARSE,1
128,-169.96,SPARSE,1
129,-170.48,SPARSE,1
130,-203.28,SPARSE,1
131,-149.88,SPARSE,1
132,-173.6,SPARSE,1
133,-139.68,SPARSE,1
134,-123.24,SPARSE,1
135,-148.68,SPARSE,1
136,-121.2,SPARSE,1
137,-115.44,SPARSE,1
138,-115.56,SPARSE,1
139,-115.2,SPARSE,1
140,-115.48,SPARSE,1
141,-115.2,SPARSE,1
142,-115.08,SPARSE,1
143,-115.12,SPARSE,1
144,-115.44,SPARSE,1
145,-108.6,SPARSE,1
146,-108.96,SPARSE,1
147,-109.48,SPARSE,1
148,-109.64,SPARSE,1
149,-109.6,SPARSE,1
150,-121.16,SPARSE,1
151,-94.28,SPARSE,1
152,-92.88,SPARSE,1
153,-129.32,SPARSE,1
154,-128.76,SPARSE,1
155,-95.8,SPARSE,1
156,-96.44,SPARSE,1
157,-75.68,SPARSE,1
158,-84.76,SPARSE,1
159,-85.0,SPARSE,1
160,-59.6,SPARSE,1
161,-58.76,SPARSE,1
162,-61.76,SPARSE,1
163,-91.24,SPARSE,1
164,-90.92,SPARSE,1
165,-91.32,SPARSE,1
166,-91.24,SPARSE,1
167,-91.48,SPARSE,1
168,-91.64,SPARSE,1
169,-104.2,SPARSE,1
170,-104.0,SPARSE,1
171,-174.12,SPARSE,1
172,-173.64,SPARSE,1
173,-174.04,SPARSE,1
174,-174.12,SPARSE,1
175,-162.6,SPARSE,1
176,-162.84,SPARSE,1
177,-162.56,SPARSE,1
178,-125.68,SPARSE,1
179,-125.44,SPARSE,1
180,-125.76,SPARSE,1
181,-125.12,SPARSE,1
182,-122.4,SPARSE,1
183,-113.28,SPARSE,1
184,-182.24,SPARSE,1
185,-182.64,SPARSE,1
186,-183.2,SPARSE,1
187,-178.72,SPARSE,1
188,-149.32,SPARSE,1
189,-150.32,SPARSE,1
190,-149.64,SPARSE,1
191,-150.4,SPARSE,1
192,-150.92,SPARSE,1
193,-150.84,SPARSE,1
194,-138.32,SPARSE,1
195,-138.24,SPARSE,1
196,-67.72,SPARSE,1
197,-103.56,SPARSE,1
198,-107.76,SPARSE,1
199,-107.92,SPARSE,1
200,-108.12,SPARSE,1
201,-108.32,SPARSE,1
202,-109.4,SPARSE,1
203,-109.8,SPARSE,1
204,-110.08,SPARSE,1
205,-115.92,SPARSE,1
206,-116.36,SPARSE,1
207,-116.12,SPARSE,1
208,-116.44,SPARSE,1
209,-47.6,SPARSE,1
210,-47.76,SPARSE,1
211,-47.12,SPARSE,1
212,-47.24,SPARSE,1
213,-47.28,SPARSE,1
214,-47.12,SPARSE,1
215,-57.24,SPARSE,1
216,-58.44,SPARSE,1
217,-57.64,SPARSE,1
218,-58.04,SPARSE,1
219,-57.2,SPARSE,1
220,-58.24,SPARSE,1
221,-60.76,SPARSE,1
222,-24.88,SPARSE,1
223,-54.32,SPARSE,1
224,-53.76,SPARSE,1
225,-53.32,SPARSE,1
226,-52.76,SPARSE,1
227,-51.96,SPARSE,1
228,-61.8,SPARSE,1
229,-72.04,SPARSE,1
230,-67.44,SPARSE,1
231,-78.28,SPARSE,1
232,-78.16,SPARSE,1
233,-77.88,SPARSE,1
234,-77.6,SPARSE,1
235,-76.88,SPARSE,1
236,-81.84,SPARSE,1
237,-85.6,SPARSE,1
238,-86.4,SPARSE,1
239,-85.68,SPARSE,1
240,-75.48,SPARSE,1
241,-73.96,SPARSE,1
242,-74.64,SPARSE,1
243,-74.04,SPARSE,1
244,-110.96,SPARSE,1
245,-109.96,SPARSE,1
246,-107.48,SPARSE,1
247,-111.72,SPARSE,1
248,-77.84,SPARSE,1
249,-79.0,SPARSE,1
250,-79.16,SPARSE,1
251,-79.12,SPARSE,1
252,-79.0,SPARSE,1
253,-69.12,SPARSE,1
254,-60.28,SPARSE,1
255,-59.4,SPARSE,1
256,-48.6,SPARSE,1
257,-48.76,SPARSE,1
258,-48.88,SPARSE,1
259,-49.36,SPARSE,1
260,-49.76,SPARSE,1
261,-44.8,SPARSE,1
262,-40.96,SPARSE,1
263,-40.08,SPARSE,1
264,-40.48,SPARSE,1
265,-40.64,SPARSE,1
266,-43.0,SPARSE,1
267,-46.8,SPARSE,1
268,-46.76,SPARSE,1
269,-10.04,SPARSE,1
270,-9.84,SPARSE,1
271,-10.04,SPARSE,1
272,-5.36,SPARSE,1
273,-5.28,SPARSE,1
274,-4.0,SPARSE,1
275,-4.68,SPARSE,1
276,-4.76,SPARSE,1
277,-4.72,SPARSE,1
278,-4.4,SPARSE,1
279,-2.72,SPARSE,1
280,-3.04,SPARSE,1
281,-2.72,SPARSE,1
282,-5.08,SPARSE,1
283,-5.12,SPARSE,1
284,-4.92,SPARSE,1
285,-4.72,SPARSE,1
286,-4.76,SPARSE,1
287,-5.0,SPARSE,1
288,-4.76,SPARSE,1
289,-5.32,SPARSE,1
290,-5.16,SPARSE,1
291,-3.28,SPARSE,1
292,1.36,SPARSE,1
293,1.16,SPARSE,1
294,0.64,SPARSE,1
295,0.72,SPARSE,1
296,0.4,SPARSE,1
297,0.36,SPARSE,1
298,0.4,SPARSE,1
299,0.6,SPARSE,1
300,0.76,SPARSE,1
301,0.76,SPARSE,1
302,0.6,SPARSE,1
303,-0.4,SPARSE,1
304,-0.2,SPARSE,1
305,0.6,SPARSE,1
306,0.04,SPARSE,1
307,2.52,SPARSE,1
308,2.64,SPARSE,1
309,3.0,SPARSE,1
310,2.84,SPARSE,1
311,2.88,SPARSE,1
312,3.08,SPARSE,1
313,2.52,SPARSE,1
314,3.76,SPARSE,1
315,3.52,SPARSE,1
316,4.12,SPARSE,1
317,3.08,SPARSE,1
318,3.12,SPARSE,1
319,3.6,SPARSE,1
320,2.56,SPARSE,1
321,2.4,SPARSE,1
322,1.96,SPARSE,1
323,1.52,SPARSE,1
324,1.36,SPARSE,1
325,1.16,SPARSE,1
326,-1.24,SPARSE,1
327,-1.48,SPARSE,1
328,-0.64,SPARSE,1
329,-5.2,SPARSE,1
330,-5.32,SPARSE,1
331,-6.0,SPARSE,1
332,-6.16,SPARSE,1
333,-6.56,SPARSE,1
334,-7.2,SPARSE,1
335,-7.4,SPARSE,1
336,-7.72,SPARSE,1
337,-7.76,SPARSE,1
338,-7.72,SPARSE,1
339,-8.8,SPARSE,1
340,-9.0,SPARSE,1
341,-9.2,SPARSE,1
342,-8.6,SPARSE,1
343,-8.92,SPARSE,1
344,-8.92,SPARSE,1
345,-7.96,SPARSE,1
346,-7.08,SPARSE,1
347,-10.84,SPARSE,1
348,-11.08,SPARSE,1
349,-11.32,SPARSE,1
350,-10.8,SPARSE,1
351,-8.36,SPARSE,1
352,-8.88,SPARSE,1
353,-9.12,SPARSE,1
354,-5.48,SPARSE,1
355,-5.52,SPARSE,1
356,-4.6,SPARSE,1
357,-4.88,SPARSE,1
358,-4.56,SPARSE,1
359,-4.28,SPARSE,1
360,-4.24,SPARSE,1
361,-4.48,SPARSE,1
362,-5.16,SPARSE,1
363,-5.32,SPARSE,1
364,-5.12,SPARSE,1
365,-5.24,SPARSE,1
366,-4.92,SPARSE,1
367,-4.88,SPARSE,1
368,-4.6,SPARSE,1
369,-5.2,SPARSE,1
370,-5.32,SPARSE,1
371,-6.16,SPARSE,1
372,-1.96,SPARSE,1
373,-1.24,SPARSE,1
374,-1.36,SPARSE,1
375,-1.12,SPARSE,1
376,-1.2,SPARSE,1
377,-2.2,SPARSE,1
378,-2.08,SPARSE,1
379,-1.48,SPARSE,1
380,-1.76,SPARSE,1
381,-1.88,SPARSE,1
382,-2.32,SPARSE,1
383,-2.2,SPARSE,1
384,-3.0,SPARSE,1
385,-4.04,SPARSE,1
386,-3.4,SPARSE,1
387,-3.16,SPARSE,1
388,-2.64,SPARSE,1
389,-2.76,SPARSE,1
390,-2.92,SPARSE,1
391,-3.2,SPARSE,1
392,-3.16,SPARSE,1
393,-3.2,SPARSE,1
394,-2.6,SPARSE,1
395,-3.08,SPARSE,1
396,-2.92,SPARSE,1
397,-2.92,SPARSE,1
398,-3.6,SPARSE,1
399,-3.08,SPARSE,1
400,-3.24,SPARSE,1
401,-3.44,SPARSE,1
402,-1.4,SPARSE,1
403,-1.56,SPARSE,1
404,-1.68,SPARSE,1
405,-1.48,SPARSE,1
406,-1.12,SPARSE,1
407,-0.84,SPARSE,1
408,-1.36,SPARSE,1
409,-0.56,SPARSE,1
410,1.04,SPARSE,1
411,1.0,SPARSE,1
412,1.4,SPARSE,1
413,1.04,SPARSE,1
414,0.44,SPARSE,1
415,0.64,SPARSE,1
416,0.56,SPARSE,1
417,0.56,SPARSE,1
418,0.6,SPARSE,1
419,0.12,SPARSE,1
420,-0.4,SPARSE,1
421,0.16,SPARSE,1
422,-0.24,SPARSE,1
423,-0.6,SPARSE,1
424,-0.64,SPARSE,1
425,-1.08,SPARSE,1
426,-0.8,SPARSE,1
427,-0.92,SPARSE,1
428,-0.68,SPARSE,1
429,-0.6,SPARSE,1
430,-0.52,SPARSE,1
431,-0.36,SPARSE,1
432,-0.36,SPARSE,1
433,0.04,SPARSE,1
434,0.4,SPARSE,1
435,0.32,SPARSE,1
436,-0.36,SPARSE,1
437,-0.32,SPARSE,1
438,0.12,SPARSE,1
439,1.56,SPARSE,1
440,1.56,SPARSE,1
441,1.56,SPARSE,1
442,0.6,SPARSE,1
443,0.8,SPARSE,1
444,1.36,SPARSE,1
445,2.24,SPARSE,1
446,2.36,SPARSE,1
447,0.28,SPARSE,1
448,1.08,SPARSE,1
449,0.92,SPARSE,1
450,1.04,SPARSE,1
451,0.16,SPARSE,1
452,-0.44,SPARSE,1
453,-0.48,SPARSE,1
454,-0.64,SPARSE,1
455,-0.64,SPARSE,1
456,-1.6,SPARSE,1
457,-1.2,SPARSE,1
458,-3.08,SPARSE,1
459,-3.72,SPARSE,1
460,-3.76,SPARSE,1
461,-3.04,SPARSE,1
462,-3.24,SPARSE,1
463,-3.36,SPARSE,1
464,-3.6,SPARSE,1
465,-3.44,SPARSE,1
466,-2.92,SPARSE,1
467,-2.32,SPARSE,1
468,-3.4,SPARSE,1
469,-3.48,SPARSE,1
470,-3.36,SPARSE,1
471,-4.04,SPARSE,1
472,-1.56,SPARSE,1
473,-1.36,SPARSE,1
474,-2.12,SPARSE,1
475,-1.84,SPARSE,1
476,-0.88,SPARSE,1
477,-0.96,SPARSE,1
478,-0.92,SPARSE,1
479,-1.04,SPARSE,1
480,-1.04,SPARSE,1
481,0.12,SPARSE,1
482,-0.68,SPARSE,1
483,1.04,SPARSE,1
484,1.32,SPARSE,1
485,0.0,SPARSE,1
486,-0.16,SPARSE,1
487,0.0,SPARSE,1
488,-0.32,SPARSE,1
489,-0.04,SPARSE,1
490,0.2,SPARSE,1
491,-0.16,SPARSE,1
492,0.28,SPARSE,1
493,1.12,SPARSE,1
494,0.16,SPARSE,1
495,-0.36,SPARSE,1
496,-0.4,SPARSE,1
497,-1.6,SPARSE,1
498,-1.48,SPARSE,1
499,-0.84,SPARSE,1
500,-0.88,SPARSE,1
501,-1.2,SPARSE,1
502,-0.48,SPARSE,1
503,-1.12,SPARSE,1
504,-0.92,SPARSE,1
505,-1.04,SPARSE,1
506,-1.92,SPARSE,1
507,-0.92,SPARSE,1
508,-0.6,SPARSE,1
509,-0.56,SPARSE,1
510,0.52,SPARSE,1
511,-0.04,SPARSE,1
512,0.24,SPARSE,1
513,0.56,SPARSE,1
514,-0.24,SPARSE,1
515,-1.04,SPARSE,1
516,-0.76,SPARSE,1
517,-0.8,SPARSE,1
518,-1.24,SPARSE,1
519,-1.0,SPARSE,1
520,-0.6,SPARSE,1
521,0.0,SPARSE,1
522,0.48,SPARSE,1
523,0.08,SPARSE,1
524,0.44,SPARSE,1
525,-0.56,SPARSE,1
526,-0.4,SPARSE,1
527,-0.68,SPARSE,1
528,-0.08,SPARSE,1
529,0.04,SPARSE,1
530,-0.56,SPARSE,1
531,-0.24,SPARSE,1
532,-1.2,SPARSE,1
533,-1.88,SPARSE,1
534,-1.96,SPARSE,1
535,-2.16,SPARSE,1
536,-1.4,SPARSE,1
537,-1.4,SPARSE,1
538,-1.52,SPARSE,1
539,-1.32,SPARSE,1
540,-0.6,SPARSE,1
541,-0.68,SPARSE,1
542,-0.88,SPARSE,1
543,-0.12,SPARSE,1
544,0.72,SPARSE,1
545,0.76,SPARSE,1
546,0.6,SPARSE,1
547,1.44,SPARSE,1
548,1.64,SPARSE,1
549,1.36,SPARSE,1
550,2.52,SPARSE,1
551,2.2,SPARSE,1
552,2.08,SPARSE,1
553,2.32,SPARSE,1
554,1.32,SPARSE,1
555,2.2,SPARSE,1
556,1.72,SPARSE,1
557,2.28,SPARSE,1
558,2.72,SPARSE,1
559,3.2,SPARSE,1
560,2.48,SPARSE,1
561,2.28,SPARSE,1
562,2.08,SPARSE,1
563,2.32,SPARSE,1
564,1.48,SPARSE,1
565,1.88,SPARSE,1
566,1.88,SPARSE,1
567,1.72,SPARSE,1
568,1.28,SPARSE,1
569,0.4,SPARSE,1
570,-0.08,SPARSE,1
571,-0.04,SPARSE,1
572,-1.0,SPARSE,1
573,-1.52,SPARSE,1
574,-1.2,SPARSE,1
575,-2.12,SPARSE,1
576,-2.8,SPARSE,1
577,-2.68,SPARSE,1
578,-2.88,SPARSE,1
579,-6.8,SPARSE,1
580,-6.92,SPARSE,1
581,-6.36,SPARSE,1
582,-6.32,SPARSE,1
583,-6.2,SPARSE,1
584,-6.44,SPARSE,1
585,-5.2,SPARSE,1
586,-5.64,SPARSE,1
587,-5.96,SPARSE,1
588,-6.4,SPARSE,1
589,-5.36,SPARSE,1
590,-5.64,SPARSE,1
591,-5.56,SPARSE,1
592,-5.24,SPARSE,1
593,-5.8,SPARSE,1
594,-4.92,SPARSE,1
595,-4.72,SPARSE,1
596,-5.52,SPARSE,1
597,-4.72,SPARSE,1
598,-4.28,SPARSE,1
599,-5.44,SPARSE,1
600,-4.72,SPARSE,1
601,-3.6,SPARSE,1
602,-4.08,SPARSE,1
603,-4.52,SPARSE,1
604,0.52,SPARSE,1
605,0.04,SPARSE,1
606,0.28,SPARSE,1
607,0.08,SPARSE,1
608,-0.76,SPARSE,1
609,-1.16,SPARSE,1
610,-1.56,SPARSE,1
611,-1.64,SPARSE,1
612,-1.2,SPARSE,1
613,-0.8,SPARSE,1
614,-0.68,SPARSE,1
615,-1.24,SPARSE,1
616,-1.24,SPARSE,1
617,-2.48,SPARSE,1
618,-2.04,SPARSE,1
619,-2.88,SPARSE,1
620,-2.64,SPARSE,1
621,-1.72,SPARSE,1
622,-1.6,SPARSE,1
623,-2.0,SPARSE,1
624,-1.0,SPARSE,1
625,-1.24,SPARSE,1
626,-1.28,SPARSE,1
627,-0.6,SPARSE,1
628,-0.88,SPARSE,1
629,-1.6,SPARSE,1
630,-1.44,SPARSE,1
631,-1.84,SPARSE,1
632,-1.24,SPARSE,1
633,-0.32,SPARSE,1
634,-0.36,SPARSE,1
635,-0.04,SPARSE,1
636,0.72,SPARSE,1
637,0.28,SPARSE,1
638,-0.4,SPARSE,1
639,-0.32,SPARSE,1
640,0.2,SPARSE,1
641,-0.12,SPARSE,1
642,1.24,SPARSE,1
643,-1.32,SPARSE,1
644,-0.48,SPARSE,1
645,-0.28,SPARSE,1
646,-0.56,SPARSE,1
647,-1.16,SPARSE,1
648,-0.48,SPARSE,1
649,-0.72,SPARSE,1
650,-0.24,SPARSE,1
651,-0.36,SPARSE,1
652,-1.2,SPARSE,1
653,-0.36,SPARSE,1
654,-0.2,SPARSE,1
655,0.04,SPARSE,1
656,0.24,SPARSE,1
657,-0.28,SPARSE,1
658,-0.36,SPARSE,1
659,-0.56,SPARSE,1
660,-1.68,SPARSE,1
661,-1.92,SPARSE,1
662,-1.32,SPARSE,1
663,-0.84,SPARSE,1
664,-0.52,SPARSE,1
665,-0.52,SPARSE,1
666,-0.32,SPARSE,1
667,-0.48,SPARSE,1
668,2.32,SPARSE,1
669,2.2,SPARSE,1
670,1.84,SPARSE,1
671,1.64,SPARSE,1
672,2.32,SPARSE,1
673,2.04,SPARSE,1
674,2.12,SPARSE,1
675,2.2,SPARSE,1
676,1.8,SPARSE,1
677,2.6,SPARSE,1
678,1.84,SPARSE,1
679,1.92,SPARSE,1
680,2.24,SPARSE,1
681,2.24,SPARSE,1
682,2.64,SPARSE,1
683,2.68,SPARSE,1
684,2.96,SPARSE,1
685,4.08,SPARSE,1
686,4.24,SPARSE,1
687,4.16,SPARSE,1
688,4.4,SPARSE,1
689,4.08,SPARSE,1
690,3.68,SPARSE,1
691,3.84,SPARSE,1
692,3.12,SPARSE,1
693,2.76,SPARSE,1
694,2.52,SPARSE,1
695,2.88,SPARSE,1
696,3.4,SPARSE,1
697,3.4,SPARSE,1
698,3.64,SPARSE,1
699,3.44,SPARSE,1
700,3.12,SPARSE,1
701,3.6,SPARSE,1
702,3.4,SPARSE,1
703,2.92,SPARSE,1
704,2.44,SPARSE,1
705,2.44,SPARSE,1
706,2.48,SPARSE,1
707,2.6,SPARSE,1
708,2.2,SPARSE,1
709,2.68,SPARSE,1
710,2.6,SPARSE,1
711,2.08,SPARSE,1
712,1.28,SPARSE,1
713,1.2,SPARSE,1
714,1.32,SPARSE,1
715,1.96,SPARSE,1
716,1.44,SPARSE,1
717,1.72,SPARSE,1
718,1.2,SPARSE,1
719,0.92,SPARSE,1
720,0.84,SPARSE,1
721,0.28,SPARSE,1
722,0.12,SPARSE,1
723,-0.08,SPARSE,1
724,0.16,SPARSE,1
725,0.0,SPARSE,1
726,0.04,SPARSE,1
727,-0.24,SPARSE,1
728,0.48,SPARSE,1
729,1.48,SPARSE,1
730,1.44,SPARSE,1
731,1.8,SPARSE,1
732,1.92,SPARSE,1
733,2.2,SPARSE,1
734,1.68,SPARSE,1
735,1.68,SPARSE,1
736,1.96,SPARSE,1
737,2.6,SPARSE,1
738,2.56,SPARSE,1
739,2.08,SPARSE,1
740,0.92,SPARSE,1
741,0.92,SPARSE,1
742,1.56,SPARSE,1
743,2.12,SPARSE,1
744,2.56,SPARSE,1
745,2.16,SPARSE,1
746,2.48,SPARSE,1
747,2.32,SPARSE,1
748,1.72,SPARSE,1
749,1.36,SPARSE,1
750,1.68,SPARSE,1
751,0.56,SPARSE,1
752,0.88,SPARSE,1
753,1.36,SPARSE,1
754,1.24,SPARSE,1
755,0.52,SPARSE,1
756,0.12,SPARSE,1
757,0.16,SPARSE,1
758,0.2,SPARSE,1
759,0.12,SPARSE,1
760,0.04,SPARSE,1
761,0.32,SPARSE,1
762,0.08,SPARSE,1
763,0.04,SPARSE,1
764,0.24,SPARSE,1
765,1.08,SPARSE,1
766,1.56,SPARSE,1
767,0.92,SPARSE,1
768,1.36,SPARSE,1
769,0.96,SPARSE,1
770,0.52,SPARSE,1
771,0.76,SPARSE,1
772,0.52,SPARSE,1
773,1.08,SPARSE,1
774,1.12,SPARSE,1
775,1.04,SPARSE,1
776,1.8,SPARSE,1
777,1.36,SPARSE,1
778,0.96,SPARSE,1
779,1.12,SPARSE,1
780,0.96,SPARSE,1
781,1.32,SPARSE,1
782,0.56,SPARSE,1
783,0.56,SPARSE,1
784,1.16,SPARSE,1
785,0.88,SPARSE,1
786,0.6,SPARSE,1
787,-2.2,SPARSE,1
788,-2.2,SPARSE,1
789,-2.32,SPARSE,1
790,-1.96,SPARSE,1
791,-2.16,SPARSE,1
792,-1.84,SPARSE,1
793,-1.68,SPARSE,1
794,-2.16,SPARSE,1
795,-1.56,SPARSE,1
796,-1.52,SPARSE,1
797,-3.32,SPARSE,1
798,-7.76,SPARSE,1
799,-7.64,SPARSE,1
800,-7.72,SPARSE,1
801,-7.04,SPARSE,1
802,-6.56,SPARSE,1
803,-6.12,SPARSE,1
804,-7.16,SPARSE,1
805,-6.36,SPARSE,1
806,-6.32,SPARSE,1
807,-5.88,SPARSE,1
808,-6.68,SPARSE,1
809,-6.64,SPARSE,1
810,-6.88,SPARSE,1
811,-6.68,SPARSE,1
812,-3.56,SPARSE,1
813,-4.28,SPARSE,1
814,-3.96,SPARSE,1
815,-4.48,SPARSE,1
816,-4.52,SPARSE,1
817,-4.56,SPARSE,1
818,-4.84,SPARSE,1
819,-3.88,SPARSE,1
820,-3.68,SPARSE,1
821,-3.88,SPARSE,1
822,-1.68,SPARSE,1
823,2.84,SPARSE,1
824,2.56,SPARSE,1
825,2.8,SPARSE,1
826,2.48,SPARSE,1
827,2.64,SPARSE,1
828,2.36,SPARSE,1
829,3.16,SPARSE,1
830,2.8,SPARSE,1
831,2.44,SPARSE,1
832,2.48,SPARSE,1
833,2.44,SPARSE,1
834,2.32,SPARSE,1
835,2.76,SPARSE,1
836,2.12,SPARSE,1
837,2.0,SPARSE,1
838,2.84,SPARSE,1
839,2.52,SPARSE,1
840,3.04,SPARSE,1
841,3.44,SPARSE,1
842,3.64,SPARSE,1
843,3.24,SPARSE,1
844,2.68,SPARSE,1
845,2.68,SPARSE,1
846,2.8,SPARSE,1
847,2.52,SPARSE,1
848,2.8,SPARSE,1
849,2.4,SPARSE,1
850,2.08,SPARSE,1
851,2.0,SPARSE,1
852,2.08,SPARSE,1
853,2.16,SPARSE,1
854,2.36,SPARSE,1
855,2.84,SPARSE,1
856,3.28,SPARSE,1
857,3.36,SPARSE,1
858,3.32,SPARSE,1
859,3.32,SPARSE,1
860,3.24,SPARSE,1
861,3.68,SPARSE,1
862,3.84,SPARSE,1
863,3.84,SPARSE,1
864,3.96,SPARSE,1
865,3.92,SPARSE,1
866,2.68,SPARSE,1
867,2.8,SPARSE,1
868,3.44,SPARSE,1
869,4.16,SPARSE,1
870,3.84,SPARSE,1
871,3.76,SPARSE,1
872,4.08,SPARSE,1
873,3.4,SPARSE,1
874,4.48,SPARSE,1
875,4.04,SPARSE,1
876,4.28,SPARSE,1
877,4.2,SPARSE,1
878,4.16,SPARSE,1
879,3.84,SPARSE,1
880,2.92,SPARSE,1
881,2.56,SPARSE,1
882,2.4,SPARSE,1
883,2.8,SPARSE,1
884,2.52,SPARSE,1
885,2.56,SPARSE,1
886,2.8,SPARSE,1
887,2.48,SPARSE,1
888,2.24,SPARSE,1
889,2.52,SPARSE,1
890,1.96,SPARSE,1
891,2.92,SPARSE,1
892,2.84,SPARSE,1
893,2.52,SPARSE,1
894,1.72,SPARSE,1
895,1.64,SPARSE,1
896,1.36,SPARSE,1
897,0.8,SPARSE,1
898,1.2,SPARSE,1
899,0.92,SPARSE,1
900,1.76,SPARSE,1
901,1.4,SPARSE,1
902,0.72,SPARSE,1
903,0.88,SPARSE,1
904,0.84,SPARSE,1
905,1.72,SPARSE,1
906,1.72,SPARSE,1
907,1.6,SPARSE,1
908,1.36,SPARSE,1
909,1.16,SPARSE,1
910,0.8,SPARSE,1
911,0.4,SPARSE,1
912,0.76,SPARSE,1
913,0.8,SPARSE,1
914,0.84,SPARSE,1
915,1.28,SPARSE,1
916,0.92,SPARSE,1
917,1.0,SPARSE,1
918,1.16,SPARSE,1
919,1.92,SPARSE,1
920,1.96,SPARSE,1
921,2.52,SPARSE,1
922,2.8,SPARSE,1
923,2.96,SPARSE,1
924,3.28,SPARSE,1
925,2.56,SPARSE,1
926,2.6,SPARSE,1
927,3.36,SPARSE,1
928,3.28,SPARSE,1
929,3.36,SPARSE,1
930,2.28,SPARSE,1
931,1.92,SPARSE,1
932,2.12,SPARSE,1
933,2.72,SPARSE,1
934,2.96,SPARSE,1
935,3.4,SPARSE,1
936,3.8,SPARSE,1
937,3.72,SPARSE,1
938,3.24,SPARSE,1
939,2.84,SPARSE,1
940,2.8,SPARSE,1
941,2.96,SPARSE,1
942,2.72,SPARSE,1
943,2.36,SPARSE,1
944,2.08,SPARSE,1
945,2.0,SPARSE,1
946,1.8,SPARSE,1
947,1.48,SPARSE,1
948,1.56,SPARSE,1
949,1.32,SPARSE,1
950,1.76,SPARSE,1
951,2.04,SPARSE,1
952,1.92,SPARSE,1
953,1.72,SPARSE,1
954,2.0,SPARSE,1
955,3.0,SPARSE,1
956,3.32,SPARSE,1
957,2.68,SPARSE,1
958,2.8,SPARSE,1
959,3.28,SPARSE,1
960,3.24,SPARSE,1
961,3.04,SPARSE,1
962,2.88,SPARSE,1
963,3.44,SPARSE,1
964,2.96,SPARSE,1
965,2.2,SPARSE,1
966,2.68,SPARSE,1
967,2.76,SPARSE,1
968,2.64,SPARSE,1
969,2.2,SPARSE,1
970,2.92,SPARSE,1
971,2.88,SPARSE,1
972,3.56,SPARSE,1
973,2.4,SPARSE,1
974,2.12,SPARSE,1
975,2.4,SPARSE,1
976,2.2,SPARSE,1
977,2.08,SPARSE,1
978,2.2,SPARSE,1
979,2.0,SPARSE,1
980,1.44,SPARSE,1
981,1.12,SPARSE,1
982,2.0,SPARSE,1
983,1.04,SPARSE,1
984,1.08,SPARSE,1
985,0.6,SPARSE,1
986,0.56,SPARSE,1
987,0.64,SPARSE,1
988,0.8,SPARSE,1
989,1.12,SPARSE,1
990,2.08,SPARSE,1
991,1.48,SPARSE,1
992,1.08,SPARSE,1
993,1.28,SPARSE,1
994,1.36,SPARSE,1
995,1.0,SPARSE,1
996,1.12,SPARSE,1
997,0.84,SPARSE,1
998,1.8,SPARSE,1
999,1.4,SPARSE,1
1000,1.24,SPARSE,1
1,-866.0,REWARD_3,1
2,-870.5,REWARD_3,1
3,-878.0,REWARD_3,1
4,-848.0,REWARD_3,1
5,-848.0,REWARD_3,1
6,-788.0,REWARD_3,1
7,-803.0,REWARD_3,1
8,-799.625,REWARD_3,1
9,-790.0,REWARD_3,1
10,-802.1,REWARD_3,1
11,-808.7272727272727,REWARD_3,1
12,-767.3333333333334,REWARD_3,1
13,-732.9230769230769,REWARD_3,1
14,-740.5,REWARD_3,1
15,-742.8666666666667,REWARD_3,1
16,-743.25,REWARD_3,1
17,-742.8823529411765,REWARD_3,1
18,-737.2222222222222,REWARD_3,1
19,-727.421052631579,REWARD_3,1
20,-728.95,REWARD_3,1
21,-718.3333333333334,REWARD_3,1
22,-722.1818181818181,REWARD_3,1
23,-714.7391304347826,REWARD_3,1
24,-716.5416666666666,REWARD_3,1
25,-722.16,REWARD_3,1
26,-721.44,REWARD_3,1
27,-696.28,REWARD_3,1
28,-672.52,REWARD_3,1
29,-676.12,REWARD_3,1
30,-668.92,REWARD_3,1
31,-669.36,REWARD_3,1
32,-668.64,REWARD_3,1
33,-660.72,REWARD_3,1
34,-661.44,REWARD_3,1
35,-657.84,REWARD_3,1
36,-649.56,REWARD_3,1
37,-673.52,REWARD_3,1
38,-692.48,REWARD_3,1
39,-686.36,REWARD_3,1
40,-679.48,REWARD_3,1
41,-683.08,REWARD_3,1
42,-672.4,REWARD_3,1
43,-672.04,REWARD_3,1
44,-672.92,REWARD_3,1
45,-663.2,REWARD_3,1
46,-677.96,REWARD_3,1
47,-699.56,REWARD_3,1
48,-710.72,REWARD_3,1
49,-715.76,REWARD_3,1
50,-703.88,REWARD_3,1
51,-709.64,REWARD_3,1
52,-732.64,REWARD_3,1
53,-742.36,REWARD_3,1
54,-724.72,REWARD_3,1
55,-750.64,REWARD_3,1
56,-756.68,REWARD_3,1
57,-736.52,REWARD_3,1
58,-730.04,REWARD_3,1
59,-725.0,REWARD_3,1
60,-704.84,REWARD_3,1
61,-701.96,REWARD_3,1
62,-683.6,REWARD_3,1
63,-682.88,REWARD_3,1
64,-673.16,REWARD_3,1
65,-680.76,REWARD_3,1
66,-664.92,REWARD_3,1
67,-664.92,REWARD_3,1
68,-657.36,REWARD_3,1
69,-648.92,REWARD_3,1
70,-646.04,REWARD_3,1
71,-644.6,REWARD_3,1
72,-612.92,REWARD_3,1
73,-616.16,REWARD_3,1
74,-596.72,REWARD_3,1
75,-599.96,REWARD_3,1
76,-579.8,REWARD_3,1
77,-573.68,REWARD_3,1
78,-588.52,REWARD_3,1
79,-621.28,REWARD_3,1
80,-618.76,REWARD_3,1
81,-612.72,REWARD_3,1
82,-632.16,REWARD_3,1
83,-642.24,REWARD_3,1
84,-633.96,REWARD_3,1
85,-657.0,REWARD_3,1
86,-648.0,REWARD_3,1
87,-644.04,REWARD_3,1
88,-649.08,REWARD_3,1
89,-641.16,REWARD_3,1
90,-636.12,REWARD_3,1
91,-633.96,REWARD_3,1
92,-635.76,REWARD_3,1
93,-640.8,REWARD_3,1
94,-649.08,REWARD_3,1
95,-648.72,REWARD_3,1
96,-657.36,REWARD_3,1
97,-676.8,REWARD_3,1
98,-695.52,REWARD_3,1
99,-717.12,REWARD_3,1
100,-734.76,REWARD_3,1
101,-755.28,REWARD_3,1
102,-797.04,REWARD_3,1
103,-781.48,REWARD_3,1
104,-770.68,REWARD_3,1
105,-740.44,REWARD_3,1
106,-736.04,REWARD_3,1
107,-714.08,REWARD_3,1
108,-696.56,REWARD_3,1
109,-688.6,REWARD_3,1
110,-681.4,REWARD_3,1
111,-701.92,REWARD_3,1
112,-729.64,REWARD_3,1
113,-706.96,REWARD_3,1
114,-713.08,REWARD_3,1
115,-728.56,REWARD_3,1
116,-751.24,REWARD_3,1
117,-751.24,REWARD_3,1
118,-773.56,REWARD_3,1
119,-757.92,REWARD_3,1
120,-788.88,REWARD_3,1
121,-768.36,REWARD_3,1
122,-751.08,REWARD_3,1
123,-744.6,REWARD_3,1
124,-762.24,REWARD_3,1
125,-741.72,REWARD_3,1
126,-757.92,REWARD_3,1
127,-712.92,REWARD_3,1
128,-758.64,REWARD_3,1
129,-734.52,REWARD_3,1
130,-737.76,REWARD_3,1
131,-749.64,REWARD_3,1
132,-755.76,REWARD_3,1
133,-784.92,REWARD_3,1
134,-804.04,REWARD_3,1
135,-815.92,REWARD_3,1
136,-848.32,REWARD_3,1
137,-820.24,REWARD_3,1
138,-839.32,REWARD_3,1
139,-838.24,REWARD_3,1
140,-835.72,REWARD_3,1
141,-868.84,REWARD_3,1
142,-856.6,REWARD_3,1
143,-856.24,REWARD_3,1
144,-863.96,REWARD_3,1
145,-826.16,REWARD_3,1
146,-814.28,REWARD_3,1
147,-822.2,REWARD_3,1
148,-831.2,REWARD_3,1
149,-845.24,REWARD_3,1
150,-843.08,REWARD_3,1
151,-816.8,REWARD_3,1
152,-804.56,REWARD_3,1
153,-764.24,REWARD_3,1
154,-781.16,REWARD_3,1
155,-789.08,REWARD_3,1
156,-772.16,REWARD_3,1
157,-796.64,REWARD_3,1
158,-772.4,REWARD_3,1
159,-758.72,REWARD_3,1
160,-729.92,REWARD_3,1
161,-680.96,REWARD_3,1
162,-694.28,REWARD_3,1
163,-698.24,REWARD_3,1
164,-748.64,REWARD_3,1
165,-740.36,REWARD_3,1
166,-738.2,REWARD_3,1
167,-752.24,REWARD_3,1
168,-754.04,REWARD_3,1
169,-804.8,REWARD_3,1
170,-820.64,REWARD_3,1
171,-820.64,REWARD_3,1
172,-797.68,REWARD_3,1
173,-753.88,REWARD_3,1
174,-718.24,REWARD_3,1
175,-710.32,REWARD_3,1
176,-722.56,REWARD_3,1
177,-711.64,REWARD_3,1
178,-695.08,REWARD_3,1
179,-690.4,REWARD_3,1
180,-669.88,REWARD_3,1
181,-690.76,REWARD_3,1
182,-654.6,REWARD_3,1
183,-670.16,REWARD_3,1
184,-670.16,REWARD_3,1
185,-688.16,REWARD_3,1
186,-678.8,REWARD_3,1
187,-661.16,REWARD_3,1
188,-634.16,REWARD_3,1
189,-601.04,REWARD_3,1
190,-580.88,REWARD_3,1
191,-555.68,REWARD_3,1
192,-562.16,REWARD_3,1
193,-529.76,REWARD_3,1
194,-531.2,REWARD_3,1
195,-524.72,REWARD_3,1
196,-525.44,REWARD_3,1
197,-532.2,REWARD_3,1
198,-527.52,REWARD_3,1
199,-507.36,REWARD_3,1
200,-506.28,REWARD_3,1
201,-491.16,REWARD_3,1
202,-533.4,REWARD_3,1
203,-535.92,REWARD_3,1
204,-521.52,REWARD_3,1
205,-566.52,REWARD_3,1
206,-577.68,REWARD_3,1
207,-616.72,REWARD_3,1
208,-596.48,REWARD_3,1
209,-606.2,REWARD_3,1
210,-590.2,REWARD_3,1
211,-602.8,REWARD_3,1
212,-603.16,REWARD_3,1
213,-617.92,REWARD_3,1
214,-617.56,REWARD_3,1
215,-615.04,REWARD_3,1
216,-588.4,REWARD_3,1
217,-568.96,REWARD_3,1
218,-585.52,REWARD_3,1
219,-530.08,REWARD_3,1
220,-568.24,REWARD_3,1
221,-567.16,REWARD_3,1
222,-593.44,REWARD_3,1
223,-611.68,REWARD_3,1
224,-610.6,REWARD_3,1
225,-656.68,REWARD_3,1
226,-699.16,REWARD_3,1
227,-691.6,REWARD_3,1
228,-698.44,REWARD_3,1
229,-717.88,REWARD_3,1
230,-682.24,REWARD_3,1
231,-653.08,REWARD_3,1
232,-626.08,REWARD_3,1
233,-673.96,REWARD_3,1
234,-667.12,REWARD_3,1
235,-679.16,REWARD_3,1
236,-689.6,REWARD_3,1
237,-706.88,REWARD_3,1
238,-695.72,REWARD_3,1
239,-676.28,REWARD_3,1
240,-681.68,REWARD_3,1
241,-678.44,REWARD_3,1
242,-678.44,REWARD_3,1
243,-657.2,REWARD_3,1
244,-657.56,REWARD_3,1
245,-629.48,REWARD_3,1
246,-635.6,REWARD_3,1
247,-604.28,REWARD_3,1
248,-608.6,REWARD_3,1
249,-614.72,REWARD_3,1
250,-567.2,REWARD_3,1
251,-556.04,REWARD_3,1
252,-527.48,REWARD_3,1
253,-539.36,REWARD_3,1
254,-518.12,REWARD_3,1
255,-507.72,REWARD_3,1
256,-503.4,REWARD_3,1
257,-557.04,REWARD_3,1
258,-510.96,REWARD_3,1
259,-507.36,REWARD_3,1
260,-505.08,REWARD_3,1
261,-477.8,REWARD_3,1
262,-470.28,REWARD_3,1
263,-463.72,REWARD_3,1
264,-464.08,REWARD_3,1
265,-495.4,REWARD_3,1
266,-509.8,REWARD_3,1
267,-501.24,REWARD_3,1
268,-501.24,REWARD_3,1
269,-522.12,REWARD_3,1
270,-509.16,REWARD_3,1
271,-505.2,REWARD_3,1
272,-511.48,REWARD_3,1
273,-489.12,REWARD_3,1
274,-472.84,REWARD_3,1
275,-478.6,REWARD_3,1
276,-433.6,REWARD_3,1
277,-463.2,REWARD_3,1
278,-442.32,REWARD_3,1
279,-441.68,REWARD_3,1
280,-474.76,REWARD_3,1
281,-499.6,REWARD_3,1
282,-435.16,REWARD_3,1
283,-451.0,REWARD_3,1
284,-486.64,REWARD_3,1
285,-473.8,REWARD_3,1
286,-481.28,REWARD_3,1
287,-488.44,REWARD_3,1
288,-488.6,REWARD_3,1
289,-485.36,REWARD_3,1
290,-448.64,REWARD_3,1
291,-437.8,REWARD_3,1
292,-438.92,REWARD_3,1
293,-440.0,REWARD_3,1
294,-410.68,REWARD_3,1
295,-418.56,REWARD_3,1
296,-416.4,REWARD_3,1
297,-399.72,REWARD_3,1
298,-414.52,REWARD_3,1
299,-418.6,REWARD_3,1
300,-442.0,REWARD_3,1
301,-458.2,REWARD_3,1
302,-435.56,REWARD_3,1
303,-453.56,REWARD_3,1
304,-452.76,REWARD_3,1
305,-418.96,REWARD_3,1
306,-399.52,REWARD_3,1
307,-408.88,REWARD_3,1
308,-406.0,REWARD_3,1
309,-390.52,REWARD_3,1
310,-418.24,REWARD_3,1
311,-437.68,REWARD_3,1
312,-453.16,REWARD_3,1
313,-456.84,REWARD_3,1
314,-446.88,REWARD_3,1
315,-438.56,REWARD_3,1
316,-429.6,REWARD_3,1
317,-488.16,REWARD_3,1
318,-502.92,REWARD_3,1
319,-521.44,REWARD_3,1
320,-506.72,REWARD_3,1
321,-500.96,REWARD_3,1
322,-500.44,REWARD_3,1
323,-480.52,REWARD_3,1
324,-484.44,REWARD_3,1
325,-454.2,REWARD_3,1
326,-434.04,REWARD_3,1
327,-428.92,REWARD_3,1
328,-418.12,REWARD_3,1
329,-418.48,REWARD_3,1
330,-451.92,REWARD_3,1
331,-446.88,REWARD_3,1
332,-429.76,REWARD_3,1
333,-411.96,REWARD_3,1
334,-406.56,REWARD_3,1
335,-376.32,REWARD_3,1
336,-344.36,REWARD_3,1
337,-307.32,REWARD_3,1
338,-306.08,REWARD_3,1
339,-343.04,REWARD_3,1
340,-388.08,REWARD_3,1
341,-400.32,REWARD_3,1
342,-339.28,REWARD_3,1
343,-322.72,REWARD_3,1
344,-309.4,REWARD_3,1
345,-307.96,REWARD_3,1
346,-303.96,REWARD_3,1
347,-314.88,REWARD_3,1
348,-330.48,REWARD_3,1
349,-330.12,REWARD_3,1
350,-331.56,REWARD_3,1
351,-370.44,REWARD_3,1
352,-373.4,REWARD_3,1
353,-422.72,REWARD_3,1
354,-430.64,REWARD_3,1
355,-397.16,REWARD_3,1
356,-403.56,REWARD_3,1
357,-414.56,REWARD_3,1
358,-412.84,REWARD_3,1
359,-394.84,REWARD_3,1
360,-422.92,REWARD_3,1
361,-432.2,REWARD_3,1
362,-462.04,REWARD_3,1
363,-469.24,REWARD_3,1
364,-464.2,REWARD_3,1
365,-477.88,REWARD_3,1
366,-476.44,REWARD_3,1
367,-476.72,REWARD_3,1
368,-528.56,REWARD_3,1
369,-525.12,REWARD_3,1
370,-527.64,REWARD_3,1
371,-527.48,REWARD_3,1
372,-525.32,REWARD_3,1
373,-506.92,REWARD_3,1
374,-510.52,REWARD_3,1
375,-569.92,REWARD_3,1
376,-527.04,REWARD_3,1
377,-578.88,REWARD_3,1
378,-547.2,REWARD_3,1
379,-586.44,REWARD_3,1
380,-579.76,REWARD_3,1
381,-564.04,REWARD_3,1
382,-613.72,REWARD_3,1
383,-608.8,REWARD_3,1
384,-609.16,REWARD_3,1
385,-609.16,REWARD_3,1
386,-599.52,REWARD_3,1
387,-597.36,REWARD_3,1
388,-590.88,REWARD_3,1
389,-599.52,REWARD_3,1
390,-595.92,REWARD_3,1
391,-634.08,REWARD_3,1
392,-634.44,REWARD_3,1
393,-594.12,REWARD_3,1
394,-653.72,REWARD_3,1
395,-685.04,REWARD_3,1
396,-694.24,REWARD_3,1
397,-685.6,REWARD_3,1
398,-733.16,REWARD_3,1
399,-721.88,REWARD_3,1
400,-651.8,REWARD_3,1
401,-657.6,REWARD_3,1
402,-595.8,REWARD_3,1
403,-565.12,REWARD_3,1
404,-526.6,REWARD_3,1
405,-564.24,REWARD_3,1
406,-574.64,REWARD_3,1
407,-513.84,REWARD_3,1
408,-559.88,REWARD_3,1
409,-550.08,REWARD_3,1
410,-521.72,REWARD_3,1
411,-560.16,REWARD_3,1
412,-558.72,REWARD_3,1
413,-561.2,REWARD_3,1
414,-521.24,REWARD_3,1
415,-486.68,REWARD_3,1
416,-437.88,REWARD_3,1
417,-455.44,REWARD_3,1
418,-435.28,REWARD_3,1
419,-380.56,REWARD_3,1
420,-355.0,REWARD_3,1
421,-380.92,REWARD_3,1
422,-403.6,REWARD_3,1
423,-378.4,REWARD_3,1
424,-385.36,REWARD_3,1
425,-385.16,REWARD_3,1
426,-373.68,REWARD_3,1
427,-380.76,REWARD_3,1
428,-391.64,REWARD_3,1
429,-384.44,REWARD_3,1
430,-381.92,REWARD_3,1
431,-380.12,REWARD_3,1
432,-410.32,REWARD_3,1
433,-376.0,REWARD_3,1
434,-376.48,REWARD_3,1
435,-369.12,REWARD_3,1
436,-339.24,REWARD_3,1
437,-307.28,REWARD_3,1
438,-315.96,REWARD_3,1
439,-316.0,REWARD_3,1
440,-294.8,REWARD_3,1
441,-289.96,REWARD_3,1
442,-281.68,REWARD_3,1
443,-286.44,REWARD_3,1
444,-317.04,REWARD_3,1
445,-362.4,REWARD_3,1
446,-342.6,REWARD_3,1
447,-319.6,REWARD_3,1
448,-298.6,REWARD_3,1
449,-309.4,REWARD_3,1
450,-365.56,REWARD_3,1
451,-427.44,REWARD_3,1
452,-418.88,REWARD_3,1
453,-416.36,REWARD_3,1
454,-441.2,REWARD_3,1
455,-412.76,REWARD_3,1
456,-413.48,REWARD_3,1
457,-396.92,REWARD_3,1
458,-386.08,REWARD_3,1
459,-434.28,REWARD_3,1
460,-503.84,REWARD_3,1
461,-515.0,REWARD_3,1
462,-519.76,REWARD_3,1
463,-513.64,REWARD_3,1
464,-513.24,REWARD_3,1
465,-519.16,REWARD_3,1
466,-524.36,REWARD_3,1
467,-586.64,REWARD_3,1
468,-653.88,REWARD_3,1
469,-646.68,REWARD_3,1
470,-629.4,REWARD_3,1
471,-674.76,REWARD_3,1
472,-686.24,REWARD_3,1
473,-682.92,REWARD_3,1
474,-697.68,REWARD_3,1
475,-683.36,REWARD_3,1
476,-627.08,REWARD_3,1
477,-666.96,REWARD_3,1
478,-663.36,REWARD_3,1
479,-627.76,REWARD_3,1
480,-675.28,REWARD_3,1
481,-665.36,REWARD_3,1
482,-672.2,REWARD_3,1
483,-678.96,REWARD_3,1
484,-639.36,REWARD_3,1
485,-578.88,REWARD_3,1
486,-632.16,REWARD_3,1
487,-627.84,REWARD_3,1
488,-612.6,REWARD_3,1
489,-632.76,REWARD_3,1
490,-637.6,REWARD_3,1
491,-633.92,REWARD_3,1
492,-561.8,REWARD_3,1
493,-503.84,REWARD_3,1
494,-492.32,REWARD_3,1
495,-466.76,REWARD_3,1
496,-416.0,REWARD_3,1
497,-475.76,REWARD_3,1
498,-485.52,REWARD_3,1
499,-451.68,REWARD_3,1
500,-432.24,REWARD_3,1
501,-459.36,REWARD_3,1
502,-455.76,REWARD_3,1
503,-468.24,REWARD_3,1
504,-479.36,REWARD_3,1
505,-450.2,REWARD_3,1
506,-472.88,REWARD_3,1
507,-476.84,REWARD_3,1
508,-469.0,REWARD_3,1
509,-461.72,REWARD_3,1
510,-487.28,REWARD_3,1
511,-423.56,REWARD_3,1
512,-428.52,REWARD_3,1
513,-437.64,REWARD_3,1
514,-432.24,REWARD_3,1
515,-430.8,REWARD_3,1
516,-453.4,REWARD_3,1
517,-467.56,REWARD_3,1
518,-523.36,REWARD_3,1
519,-515.44,REWARD_3,1
520,-495.72,REWARD_3,1
521,-536.76,REWARD_3,1
522,-480.24,REWARD_3,1
523,-527.92,REWARD_3,1
524,-526.6,REWARD_3,1
525,-560.08,REWARD_3,1
526,-557.2,REWARD_3,1
527,-529.84,REWARD_3,1
528,-538.96,REWARD_3,1
529,-537.16,REWARD_3,1
530,-519.2,REWARD_3,1
531,-497.12,REWARD_3,1
532,-511.88,REWARD_3,1
533,-524.28,REWARD_3,1
534,-523.16,REWARD_3,1
535,-512.0,REWARD_3,1
536,-502.56,REWARD_3,1
537,-519.4,REWARD_3,1
538,-519.76,REWARD_3,1
539,-575.2,REWARD_3,1
540,-577.72,REWARD_3,1
541,-551.4,REWARD_3,1
542,-563.28,REWARD_3,1
543,-495.8,REWARD_3,1
544,-481.28,REWARD_3,1
545,-491.64,REWARD_3,1
546,-455.64,REWARD_3,1
547,-450.6,REWARD_3,1
548,-454.92,REWARD_3,1
549,-470.64,REWARD_3,1
550,-414.84,REWARD_3,1
551,-394.68,REWARD_3,1
552,-386.04,REWARD_3,1
553,-354.96,REWARD_3,1
554,-355.32,REWARD_3,1
555,-345.84,REWARD_3,1
556,-391.52,REWARD_3,1
557,-385.44,REWARD_3,1
558,-404.56,REWARD_3,1
559,-403.52,REWARD_3,1
560,-392.36,REWARD_3,1
561,-401.8,REWARD_3,1
562,-379.88,REWARD_3,1
563,-383.48,REWARD_3,1
564,-322.64,REWARD_3,1
565,-312.76,REWARD_3,1
566,-323.96,REWARD_3,1
567,-298.4,REWARD_3,1
568,-305.4,REWARD_3,1
569,-305.92,REWARD_3,1
570,-314.56,REWARD_3,1
571,-355.24,REWARD_3,1
572,-354.88,REWARD_3,1
573,-297.72,REWARD_3,1
574,-284.12,REWARD_3,1
575,-325.88,REWARD_3,1
576,-387.44,REWARD_3,1
577,-425.24,REWARD_3,1
578,-476.48,REWARD_3,1
579,-527.24,REWARD_3,1
580,-559.0,REWARD_3,1
581,-540.64,REWARD_3,1
582,-507.44,REWARD_3,1
583,-475.84,REWARD_3,1
584,-475.92,REWARD_3,1
585,-462.84,REWARD_3,1
586,-507.84,REWARD_3,1
587,-507.64,REWARD_3,1
588,-494.72,REWARD_3,1
589,-515.24,REWARD_3,1
590,-522.6,REWARD_3,1
591,-510.0,REWARD_3,1
592,-510.08,REWARD_3,1
593,-570.2,REWARD_3,1
594,-587.64,REWARD_3,1
595,-606.72,REWARD_3,1
596,-586.56,REWARD_3,1
597,-579.08,REWARD_3,1
598,-586.92,REWARD_3,1
599,-594.76,REWARD_3,1
600,-563.08,REWARD_3,1
601,-491.8,REWARD_3,1
602,-472.72,REWARD_3,1
603,-471.64,REWARD_3,1
604,-411.76,REWARD_3,1
605,-380.08,REWARD_3,1
606,-361.72,REWARD_3,1
607,-362.28,REWARD_3,1
608,-388.8,REWARD_3,1
609,-398.52,REWARD_3,1
610,-462.36,REWARD_3,1
611,-454.08,REWARD_3,1
612,-485.2,REWARD_3,1
613,-487.8,REWARD_3,1
614,-469.8,REWARD_3,1
615,-478.84,REWARD_3,1
616,-507.64,REWARD_3,1
617,-528.08,REWARD_3,1
618,-491.36,REWARD_3,1
619,-503.04,REWARD_3,1
620,-479.64,REWARD_3,1
621,-444.48,REWARD_3,1
622,-487.24,REWARD_3,1
623,-516.76,REWARD_3,1
624,-506.96,REWARD_3,1
625,-507.68,REWARD_3,1
626,-517.04,REWARD_3,1
627,-510.56,REWARD_3,1
628,-496.52,REWARD_3,1
629,-515.36,REWARD_3,1
630,-515.48,REWARD_3,1
631,-512.76,REWARD_3,1
632,-511.72,REWARD_3,1
633,-485.36,REWARD_3,1
634,-486.08,REWARD_3,1
635,-423.52,REWARD_3,1
636,-405.16,REWARD_3,1
637,-383.92,REWARD_3,1
638,-381.52,REWARD_3,1
639,-369.68,REWARD_3,1
640,-372.16,REWARD_3,1
641,-343.36,REWARD_3,1
642,-391.24,REWARD_3,1
643,-404.76,REWARD_3,1
644,-375.12,REWARD_3,1
645,-360.16,REWARD_3,1
646,-430.6,REWARD_3,1
647,-397.12,REWARD_3,1
648,-355.28,REWARD_3,1
649,-366.52,REWARD_3,1
650,-364.72,REWARD_3,1
651,-370.12,REWARD_3,1
652,-367.6,REWARD_3,1
653,-340.24,REWARD_3,1
654,-320.88,REWARD_3,1
655,-348.48,REWARD_3,1
656,-375.68,REWARD_3,1
657,-388.44,REWARD_3,1
658,-388.44,REWARD_3,1
659,-414.0,REWARD_3,1
660,-412.96,REWARD_3,1
661,-386.08,REWARD_3,1
662,-376.32,REWARD_3,1
663,-376.24,REWARD_3,1
664,-375.92,REWARD_3,1
665,-355.04,REWARD_3,1
666,-391.4,REWARD_3,1
667,-331.64,REWARD_3,1
668,-299.76,REWARD_3,1
669,-309.24,REWARD_3,1
670,-336.08,REWARD_3,1
671,-305.12,REWARD_3,1
672,-294.24,REWARD_3,1
673,-294.76,REWARD_3,1
674,-284.04,REWARD_3,1
675,-275.36,REWARD_3,1
676,-260.52,REWARD_3,1
677,-250.44,REWARD_3,1
678,-311.28,REWARD_3,1
679,-321.28,REWARD_3,1
680,-295.04,REWARD_3,1
681,-305.84,REWARD_3,1
682,-338.24,REWARD_3,1
683,-397.36,REWARD_3,1
684,-370.0,REWARD_3,1
685,-410.92,REWARD_3,1
686,-409.88,REWARD_3,1
687,-423.6,REWARD_3,1
688,-494.72,REWARD_3,1
689,-533.52,REWARD_3,1
690,-559.08,REWARD_3,1
691,-521.88,REWARD_3,1
692,-554.64,REWARD_3,1
693,-566.52,REWARD_3,1
694,-557.0,REWARD_3,1
695,-531.16,REWARD_3,1
696,-491.92,REWARD_3,1
697,-491.44,REWARD_3,1
698,-490.8,REWARD_3,1
699,-490.32,REWARD_3,1
700,-557.32,REWARD_3,1
701,-557.4,REWARD_3,1
702,-627.6,REWARD_3,1
703,-567.48,REWARD_3,1
704,-571.8,REWARD_3,1
705,-570.28,REWARD_3,1
706,-598.0,REWARD_3,1
707,-553.4,REWARD_3,1
708,-494.76,REWARD_3,1
709,-486.16,REWARD_3,1
710,-445.4,REWARD_3,1
711,-478.0,REWARD_3,1
712,-510.76,REWARD_3,1
713,-439.4,REWARD_3,1
714,-401.28,REWARD_3,1
715,-375.96,REWARD_3,1
716,-385.44,REWARD_3,1
717,-400.2,REWARD_3,1
718,-382.92,REWARD_3,1
719,-425.56,REWARD_3,1
720,-424.68,REWARD_3,1
721,-478.32,REWARD_3,1
722,-480.72,REWARD_3,1
723,-511.16,REWARD_3,1
724,-521.64,REWARD_3,1
725,-454.32,REWARD_3,1
726,-454.32,REWARD_3,1
727,-415.44,REWARD_3,1
728,-406.2,REWARD_3,1
729,-402.6,REWARD_3,1
730,-402.52,REWARD_3,1
731,-330.4,REWARD_3,1
732,-330.16,REWARD_3,1
733,-351.0,REWARD_3,1
734,-359.96,REWARD_3,1
735,-406.48,REWARD_3,1
736,-393.52,REWARD_3,1
737,-371.56,REWARD_3,1
738,-371.6,REWARD_3,1
739,-372.0,REWARD_3,1
740,-399.48,REWARD_3,1
741,-390.12,REWARD_3,1
742,-333.4,REWARD_3,1
743,-333.4,REWARD_3,1
744,-300.28,REWARD_3,1
745,-310.44,REWARD_3,1
746,-321.24,REWARD_3,1
747,-335.24,REWARD_3,1
748,-363.32,REWARD_3,1
749,-364.4,REWARD_3,1
750,-364.4,REWARD_3,1
751,-373.76,REWARD_3,1
752,-342.88,REWARD_3,1
753,-414.04,REWARD_3,1
754,-403.56,REWARD_3,1
755,-421.32,REWARD_3,1
756,-461.4,REWARD_3,1
757,-461.0,REWARD_3,1
758,-495.2,REWARD_3,1
759,-516.44,REWARD_3,1
760,-479.88,REWARD_3,1
761,-460.32,REWARD_3,1
762,-452.04,REWARD_3,1
763,-515.8,REWARD_3,1
764,-514.96,REWARD_3,1
765,-547.72,REWARD_3,1
766,-548.12,REWARD_3,1
767,-603.76,REWARD_3,1
768,-598.72,REWARD_3,1
769,-589.28,REWARD_3,1
770,-639.32,REWARD_3,1
771,-574.56,REWARD_3,1
772,-558.44,REWARD_3,1
773,-550.16,REWARD_3,1
774,-538.6,REWARD_3,1
775,-582.16,REWARD_3,1
776,-572.76,REWARD_3,1
777,-642.52,REWARD_3,1
778,-593.2,REWARD_3,1
779,-592.8,REWARD_3,1
780,-626.28,REWARD_3,1
781,-621.6,REWARD_3,1
782,-631.56,REWARD_3,1
783,-586.92,REWARD_3,1
784,-566.76,REWARD_3,1
785,-566.6,REWARD_3,1
786,-584.36,REWARD_3,1
787,-587.6,REWARD_3,1
788,-532.88,REWARD_3,1
789,-551.28,REWARD_3,1
790,-490.68,REWARD_3,1
791,-543.56,REWARD_3,1
792,-502.88,REWARD_3,1
793,-498.32,REWARD_3,1
794,-510.28,REWARD_3,1
795,-459.16,REWARD_3,1
796,-476.04,REWARD_3,1
797,-486.76,REWARD_3,1
798,-466.6,REWARD_3,1
799,-466.64,REWARD_3,1
800,-431.36,REWARD_3,1
801,-431.08,REWARD_3,1
802,-369.52,REWARD_3,1
803,-359.8,REWARD_3,1
804,-431.88,REWARD_3,1
805,-426.48,REWARD_3,1
806,-428.64,REWARD_3,1
807,-418.92,REWARD_3,1
808,-436.92,REWARD_3,1
809,-426.92,REWARD_3,1
810,-430.52,REWARD_3,1
811,-412.84,REWARD_3,1
812,-403.48,REWARD_3,1
813,-450.28,REWARD_3,1
814,-433.96,REWARD_3,1
815,-434.0,REWARD_3,1
816,-396.92,REWARD_3,1
817,-391.52,REWARD_3,1
818,-392.8,REWARD_3,1
819,-381.16,REWARD_3,1
820,-441.28,REWARD_3,1
821,-465.76,REWARD_3,1
822,-463.96,REWARD_3,1
823,-434.52,REWARD_3,1
824,-444.96,REWARD_3,1
825,-436.6,REWARD_3,1
826,-437.36,REWARD_3,1
827,-428.72,REWARD_3,1
828,-444.56,REWARD_3,1
829,-382.28,REWARD_3,1
830,-349.88,REWARD_3,1
831,-342.32,REWARD_3,1
832,-412.52,REWARD_3,1
833,-421.88,REWARD_3,1
834,-436.32,REWARD_3,1
835,-433.8,REWARD_3,1
836,-443.56,REWARD_3,1
837,-443.56,REWARD_3,1
838,-406.84,REWARD_3,1
839,-466.36,REWARD_3,1
840,-466.24,REWARD_3,1
841,-449.88,REWARD_3,1
842,-440.44,REWARD_3,1
843,-477.56,REWARD_3,1
844,-489.2,REWARD_3,1
845,-437.2,REWARD_3,1
846,-417.04,REWARD_3,1
847,-408.04,REWARD_3,1
848,-407.76,REWARD_3,1
849,-419.64,REWARD_3,1
850,-419.64,REWARD_3,1
851,-427.92,REWARD_3,1
852,-428.16,REWARD_3,1
853,-440.4,REWARD_3,1
854,-449.76,REWARD_3,1
855,-436.36,REWARD_3,1
856,-405.84,REWARD_3,1
857,-345.0,REWARD_3,1
858,-316.92,REWARD_3,1
859,-373.68,REWARD_3,1
860,-403.56,REWARD_3,1
861,-421.92,REWARD_3,1
862,-437.56,REWARD_3,1
863,-420.52,REWARD_3,1
864,-396.4,REWARD_3,1
865,-396.36,REWARD_3,1
866,-405.52,REWARD_3,1
867,-414.96,REWARD_3,1
868,-377.72,REWARD_3,1
869,-366.12,REWARD_3,1
870,-370.96,REWARD_3,1
871,-420.64,REWARD_3,1
872,-421.04,REWARD_3,1
873,-471.64,REWARD_3,1
874,-449.08,REWARD_3,1
875,-488.4,REWARD_3,1
876,-479.6,REWARD_3,1
877,-479.36,REWARD_3,1
878,-512.12,REWARD_3,1
879,-492.88,REWARD_3,1
880,-503.76,REWARD_3,1
881,-531.04,REWARD_3,1
882,-543.64,REWARD_3,1
883,-555.16,REWARD_3,1
884,-501.16,REWARD_3,1
885,-469.48,REWARD_3,1
886,-467.68,REWARD_3,1
887,-483.36,REWARD_3,1
888,-541.8,REWARD_3,1
889,-504.24,REWARD_3,1
890,-522.76,REWARD_3,1
891,-523.12,REWARD_3,1
892,-513.76,REWARD_3,1
893,-542.0,REWARD_3,1
894,-553.96,REWARD_3,1
895,-541.72,REWARD_3,1
896,-519.4,REWARD_3,1
897,-528.72,REWARD_3,1
898,-515.24,REWARD_3,1
899,-515.52,REWARD_3,1
900,-476.28,REWARD_3,1
901,-546.56,REWARD_3,1
902,-555.92,REWARD_3,1
903,-482.88,REWARD_3,1
904,-504.92,REWARD_3,1
905,-503.48,REWARD_3,1
906,-491.24,REWARD_3,1
907,-469.16,REWARD_3,1
908,-460.52,REWARD_3,1
909,-480.68,REWARD_3,1
910,-525.68,REWARD_3,1
911,-566.72,REWARD_3,1
912,-526.48,REWARD_3,1
913,-492.28,REWARD_3,1
914,-492.28,REWARD_3,1
915,-474.4,REWARD_3,1
916,-474.24,REWARD_3,1
917,-483.6,REWARD_3,1
918,-493.32,REWARD_3,1
919,-480.92,REWARD_3,1
920,-471.64,REWARD_3,1
921,-422.84,REWARD_3,1
922,-440.84,REWARD_3,1
923,-459.0,REWARD_3,1
924,-458.76,REWARD_3,1
925,-486.12,REWARD_3,1
926,-415.6,REWARD_3,1
927,-444.76,REWARD_3,1
928,-455.52,REWARD_3,1
929,-453.08,REWARD_3,1
930,-487.64,REWARD_3,1
931,-536.6,REWARD_3,1
932,-545.72,REWARD_3,1
933,-601.52,REWARD_3,1
934,-574.88,REWARD_3,1
935,-520.52,REWARD_3,1
936,-491.72,REWARD_3,1
937,-503.52,REWARD_3,1
938,-501.36,REWARD_3,1
939,-548.28,REWARD_3,1
940,-582.44,REWARD_3,1
941,-615.72,REWARD_3,1
942,-606.36,REWARD_3,1
943,-576.48,REWARD_3,1
944,-594.52,REWARD_3,1
945,-627.2,REWARD_3,1
946,-655.48,REWARD_3,1
947,-636.4,REWARD_3,1
948,-580.8,REWARD_3,1
949,-591.08,REWARD_3,1
950,-563.68,REWARD_3,1
951,-563.88,REWARD_3,1
952,-587.28,REWARD_3,1
953,-589.8,REWARD_3,1
954,-570.32,REWARD_3,1
955,-545.12,REWARD_3,1
956,-482.68,REWARD_3,1
957,-494.56,REWARD_3,1
958,-435.88,REWARD_3,1
959,-424.8,REWARD_3,1
960,-476.28,REWARD_3,1
961,-451.44,REWARD_3,1
962,-448.56,REWARD_3,1
963,-496.44,REWARD_3,1
964,-498.6,REWARD_3,1
965,-464.68,REWARD_3,1
966,-456.76,REWARD_3,1
967,-475.48,REWARD_3,1
968,-469.6,REWARD_3,1
969,-479.44,REWARD_3,1
970,-446.12,REWARD_3,1
971,-449.36,REWARD_3,1
972,-449.72,REWARD_3,1
973,-489.12,REWARD_3,1
974,-479.0,REWARD_3,1
975,-488.76,REWARD_3,1
976,-506.88,REWARD_3,1
977,-459.36,REWARD_3,1
978,-456.48,REWARD_3,1
979,-469.48,REWARD_3,1
980,-451.28,REWARD_3,1
981,-465.84,REWARD_3,1
982,-444.92,REWARD_3,1
983,-444.92,REWARD_3,1
984,-444.96,REWARD_3,1
985,-402.84,REWARD_3,1
986,-392.16,REWARD_3,1
987,-382.12,REWARD_3,1
988,-309.96,REWARD_3,1
989,-283.68,REWARD_3,1
990,-282.92,REWARD_3,1
991,-269.96,REWARD_3,1
992,-276.44,REWARD_3,1
993,-273.16,REWARD_3,1
994,-314.2,REWARD_3,1
995,-376.32,REWARD_3,1
996,-345.6,REWARD_3,1
997,-346.68,REWARD_3,1
998,-307.28,REWARD_3,1
999,-370.32,REWARD_3,1
1000,-361.08,REWARD_3,1
1,-605.0,REWARD_4,1
2,-573.5,REWARD_4,1
3,-544.3333333333334,REWARD_4,1
4,-546.0,REWARD_4,1
5,-543.4,REWARD_4,1
6,-526.6666666666666,REWARD_4,1
7,-523.7142857142857,REWARD_4,1
8,-523.75,REWARD_4,1
9,-523.7777777777778,REWARD_4,1
10,-516.6,REWARD_4,1
11,-516.4545454545455,REWARD_4,1
12,-514.8333333333334,REWARD_4,1
13,-507.7692307692308,REWARD_4,1
14,-507.64285714285717,REWARD_4,1
15,-503.93333333333334,REWARD_4,1
16,-504.0625,REWARD_4,1
17,-501.3529411764706,REWARD_4,1
18,-494.1111111111111,REWARD_4,1
19,-492.8421052631579,REWARD_4,1
20,-467.5,REWARD_4,1
21,-464.1904761904762,REWARD_4,1
22,-460.3636363636364,REWARD_4,1
23,-448.1304347826087,REWARD_4,1
24,-437.9583333333333,REWARD_4,1
25,-436.36,REWARD_4,1
26,-427.36,REWARD_4,1
27,-425.92,REWARD_4,1
28,-417.36,REWARD_4,1
29,-416.76,REWARD_4,1
30,-405.52,REWARD_4,1
31,-392.16,REWARD_4,1
32,-383.88,REWARD_4,1
33,-374.4,REWARD_4,1
34,-371.16,REWARD_4,1
35,-360.56,REWARD_4,1
36,-361.28,REWARD_4,1
37,-349.68,REWARD_4,1
38,-338.56,REWARD_4,1
39,-319.24,REWARD_4,1
40,-305.84,REWARD_4,1
41,-300.08,REWARD_4,1
42,-299.12,REWARD_4,1
43,-283.84,REWARD_4,1
44,-268.84,REWARD_4,1
45,-271.4,REWARD_4,1
46,-273.92,REWARD_4,1
47,-277.16,REWARD_4,1
48,-283.04,REWARD_4,1
49,-288.28,REWARD_4,1
50,-284.68,REWARD_4,1
51,-282.28,REWARD_4,1
52,-262.48,REWARD_4,1
53,-254.64,REWARD_4,1
54,-238.0,REWARD_4,1
55,-232.92,REWARD_4,1
56,-231.12,REWARD_4,1
57,-218.76,REWARD_4,1
58,-206.88,REWARD_4,1
59,-192.08,REWARD_4,1
60,-184.8,REWARD_4,1
61,-163.08,REWARD_4,1
62,-154.6,REWARD_4,1
63,-161.48,REWARD_4,1
64,-160.52,REWARD_4,1
65,-157.88,REWARD_4,1
66,-143.32,REWARD_4,1
67,-125.96,REWARD_4,1
68,-126.36,REWARD_4,1
69,-123.12,REWARD_4,1
70,-122.0,REWARD_4,1
71,-113.68,REWARD_4,1
72,-96.36,REWARD_4,1
73,-83.28,REWARD_4,1
74,-83.28,REWARD_4,1
75,-82.24,REWARD_4,1
76,-82.48,REWARD_4,1
77,-96.52,REWARD_4,1
78,-93.8,REWARD_4,1
79,-100.96,REWARD_4,1
80,-99.32,REWARD_4,1
81,-98.8,REWARD_4,1
82,-102.72,REWARD_4,1
83,-103.28,REWARD_4,1
84,-99.96,REWARD_4,1
85,-100.8,REWARD_4,1
86,-102.24,REWARD_4,1
87,-108.68,REWARD_4,1
88,-107.6,REWARD_4,1
89,-107.68,REWARD_4,1
90,-118.44,REWARD_4,1
91,-118.76,REWARD_4,1
92,-127.68,REWARD_4,1
93,-130.68,REWARD_4,1
94,-133.16,REWARD_4,1
95,-132.6,REWARD_4,1
96,-122.68,REWARD_4,1
97,-121.92,REWARD_4,1
98,-125.84,REWARD_4,1
99,-112.12,REWARD_4,1
100,-100.88,REWARD_4,1
101,-99.08,REWARD_4,1
102,-84.16,REWARD_4,1
103,-84.92,REWARD_4,1
104,-72.64,REWARD_4,1
105,-69.04,REWARD_4,1
106,-75.72,REWARD_4,1
107,-71.88,REWARD_4,1
108,-71.76,REWARD_4,1
109,-72.4,REWARD_4,1
110,-73.32,REWARD_4,1
111,-83.16,REWARD_4,1
112,-77.04,REWARD_4,1
113,-65.16,REWARD_4,1
114,-66.2,REWARD_4,1
115,-53.28,REWARD_4,1
116,-57.36,REWARD_4,1
117,-48.36,REWARD_4,1
118,-46.4,REWARD_4,1
119,-51.28,REWARD_4,1
120,-50.76,REWARD_4,1
121,-50.92,REWARD_4,1
122,-59.32,REWARD_4,1
123,-55.32,REWARD_4,1
124,-58.08,REWARD_4,1
125,-58.12,REWARD_4,1
126,-46.64,REWARD_4,1
127,-47.36,REWARD_4,1
128,-46.28,REWARD_4,1
129,-46.24,REWARD_4,1
130,-47.0,REWARD_4,1
131,-37.88,REWARD_4,1
132,-40.2,REWARD_4,1
133,-39.72,REWARD_4,1
134,-39.28,REWARD_4,1
135,-37.6,REWARD_4,1
136,-26.8,REWARD_4,1
137,-26.32,REWARD_4,1
138,-29.28,REWARD_4,1
139,-28.88,REWARD_4,1
140,-35.72,REWARD_4,1
141,-31.48,REWARD_4,1
142,-31.08,REWARD_4,1
143,-30.36,REWARD_4,1
144,-22.68,REWARD_4,1
145,-22.52,REWARD_4,1
146,-23.6,REWARD_4,1
147,-22.04,REWARD_4,1
148,-22.16,REWARD_4,1
149,-23.8,REWARD_4,1
150,-32.12,REWARD_4,1
151,-31.88,REWARD_4,1
152,-31.24,REWARD_4,1
153,-40.16,REWARD_4,1
154,-41.68,REWARD_4,1
155,-40.68,REWARD_4,1
156,-41.72,REWARD_4,1
157,-39.36,REWARD_4,1
158,-39.68,REWARD_4,1
159,-40.72,REWARD_4,1
160,-40.48,REWARD_4,1
161,-40.24,REWARD_4,1
162,-40.88,REWARD_4,1
163,-38.64,REWARD_4,1
164,-37.48,REWARD_4,1
165,-30.24,REWARD_4,1
166,-29.76,REWARD_4,1
167,-29.68,REWARD_4,1
168,-28.96,REWARD_4,1
169,-31.88,REWARD_4,1
170,-32.08,REWARD_4,1
171,-31.76,REWARD_4,1
172,-24.72,REWARD_4,1
173,-24.52,REWARD_4,1
174,-21.84,REWARD_4,1
175,-13.16,REWARD_4,1
176,-17.16,REWARD_4,1
177,-16.92,REWARD_4,1
178,-7.56,REWARD_4,1
179,-6.48,REWARD_4,1
180,-17.48,REWARD_4,1
181,-16.44,REWARD_4,1
182,-16.32,REWARD_4,1
183,-16.04,REWARD_4,1
184,-15.88,REWARD_4,1
185,-20.48,REWARD_4,1
186,-20.24,REWARD_4,1
187,-20.16,REWARD_4,1
188,-20.52,REWARD_4,1
189,-20.76,REWARD_4,1
190,-21.24,REWARD_4,1
191,-21.76,REWARD_4,1
192,-22.48,REWARD_4,1
193,-22.72,REWARD_4,1
194,-19.8,REWARD_4,1
195,-20.4,REWARD_4,1
196,-19.92,REWARD_4,1
197,-19.64,REWARD_4,1
198,-19.6,REWARD_4,1
199,-18.36,REWARD_4,1
200,-18.36,REWARD_4,1
201,-15.52,REWARD_4,1
202,-15.84,REWARD_4,1
203,-16.28,REWARD_4,1
204,-16.72,REWARD_4,1
205,-8.72,REWARD_4,1
206,-9.52,REWARD_4,1
207,-10.96,REWARD_4,1
208,-11.12,REWARD_4,1
209,-10.04,REWARD_4,1
210,-5.56,REWARD_4,1
211,-6.0,REWARD_4,1
212,-5.64,REWARD_4,1
213,-5.6,REWARD_4,1
214,-5.6,REWARD_4,1
215,-8.68,REWARD_4,1
216,-8.52,REWARD_4,1
217,-7.84,REWARD_4,1
218,-8.04,REWARD_4,1
219,-7.32,REWARD_4,1
220,-8.88,REWARD_4,1
221,-12.84,REWARD_4,1
222,-12.72,REWARD_4,1
223,-13.88,REWARD_4,1
224,-17.28,REWARD_4,1
225,-17.44,REWARD_4,1
226,-17.44,REWARD_4,1
227,-17.36,REWARD_4,1
228,-18.32,REWARD_4,1
229,-26.04,REWARD_4,1
230,-23.52,REWARD_4,1
231,-24.08,REWARD_4,1
232,-22.64,REWARD_4,1
233,-22.48,REWARD_4,1
234,-22.84,REWARD_4,1
235,-22.2,REWARD_4,1
236,-21.92,REWARD_4,1
237,-22.52,REWARD_4,1
238,-22.56,REWARD_4,1
239,-22.84,REWARD_4,1
240,-19.48,REWARD_4,1
241,-19.04,REWARD_4,1
242,-20.04,REWARD_4,1
243,-20.48,REWARD_4,1
244,-27.88,REWARD_4,1
245,-26.04,REWARD_4,1
246,-23.04,REWARD_4,1
247,-23.44,REWARD_4,1
248,-23.16,REWARD_4,1
249,-19.44,REWARD_4,1
250,-19.6,REWARD_4,1
251,-18.64,REWARD_4,1
252,-18.56,REWARD_4,1
253,-17.4,REWARD_4,1
254,-17.04,REWARD_4,1
255,-21.04,REWARD_4,1
256,-19.76,REWARD_4,1
257,-20.0,REWARD_4,1
258,-20.8,REWARD_4,1
259,-20.48,REWARD_4,1
260,-20.6,REWARD_4,1
261,-23.0,REWARD_4,1
262,-23.08,REWARD_4,1
263,-22.44,REWARD_4,1
264,-22.0,REWARD_4,1
265,-25.64,REWARD_4,1
266,-25.76,REWARD_4,1
267,-25.88,REWARD_4,1
268,-25.2,REWARD_4,1
269,-17.92,REWARD_4,1
270,-17.36,REWARD_4,1
271,-15.56,REWARD_4,1
272,-15.12,REWARD_4,1
273,-14.08,REWARD_4,1
274,-14.0,REWARD_4,1
275,-13.92,REWARD_4,1
276,-13.96,REWARD_4,1
277,-14.0,REWARD_4,1
278,-13.8,REWARD_4,1
279,-6.04,REWARD_4,1
280,-2.08,REWARD_4,1
281,-2.4,REWARD_4,1
282,-2.76,REWARD_4,1
283,-2.48,REWARD_4,1
284,-2.72,REWARD_4,1
285,-2.8,REWARD_4,1
286,-0.44,REWARD_4,1
287,-0.32,REWARD_4,1
288,0.2,REWARD_4,1
289,0.0,REWARD_4,1
290,3.72,REWARD_4,1
291,-3.2,REWARD_4,1
292,-2.0,REWARD_4,1
293,-2.6,REWARD_4,1
294,-2.68,REWARD_4,1
295,-2.6,REWARD_4,1
296,-3.36,REWARD_4,1
297,-3.8,REWARD_4,1
298,-3.8,REWARD_4,1
299,-3.6,REWARD_4,1
300,-3.44,REWARD_4,1
301,-3.68,REWARD_4,1
302,-3.88,REWARD_4,1
303,-5.04,REWARD_4,1
304,-4.36,REWARD_4,1
305,-4.16,REWARD_4,1
306,-4.04,REWARD_4,1
307,-4.04,REWARD_4,1
308,-3.6,REWARD_4,1
309,-3.64,REWARD_4,1
310,-4.08,REWARD_4,1
311,-4.2,REWARD_4,1
312,-3.72,REWARD_4,1
313,-3.76,REWARD_4,1
314,-3.4,REWARD_4,1
315,-3.32,REWARD_4,1
316,1.24,REWARD_4,1
317,1.08,REWARD_4,1
318,1.84,REWARD_4,1
319,1.88,REWARD_4,1
320,1.68,REWARD_4,1
321,2.6,REWARD_4,1
322,2.92,REWARD_4,1
323,1.84,REWARD_4,1
324,1.76,REWARD_4,1
325,0.88,REWARD_4,1
326,1.12,REWARD_4,1
327,1.32,REWARD_4,1
328,-1.56,REWARD_4,1
329,-1.96,REWARD_4,1
330,-1.76,REWARD_4,1
331,-8.32,REWARD_4,1
332,-8.0,REWARD_4,1
333,-8.16,REWARD_4,1
334,-9.04,REWARD_4,1
335,-9.2,REWARD_4,1
336,-9.36,REWARD_4,1
337,-9.96,REWARD_4,1
338,-10.36,REWARD_4,1
339,-10.68,REWARD_4,1
340,-10.96,REWARD_4,1
341,-8.68,REWARD_4,1
342,-8.56,REWARD_4,1
343,-9.04,REWARD_4,1
344,-9.56,REWARD_4,1
345,-9.8,REWARD_4,1
346,-9.76,REWARD_4,1
347,-9.84,REWARD_4,1
348,-9.0,REWARD_4,1
349,-9.32,REWARD_4,1
350,-8.4,REWARD_4,1
351,-8.44,REWARD_4,1
352,-8.48,REWARD_4,1
353,-4.4,REWARD_4,1
354,-15.24,REWARD_4,1
355,-15.4,REWARD_4,1
356,-8.56,REWARD_4,1
357,-8.4,REWARD_4,1
358,-8.68,REWARD_4,1
359,-8.28,REWARD_4,1
360,-8.2,REWARD_4,1
361,-8.56,REWARD_4,1
362,-7.76,REWARD_4,1
363,-8.6,REWARD_4,1
364,-8.6,REWARD_4,1
365,-8.4,REWARD_4,1
366,-8.64,REWARD_4,1
367,-8.92,REWARD_4,1
368,-8.56,REWARD_4,1
369,-8.28,REWARD_4,1
370,-8.12,REWARD_4,1
371,-8.04,REWARD_4,1
372,-7.8,REWARD_4,1
373,-7.96,REWARD_4,1
374,-7.8,REWARD_4,1
375,-7.72,REWARD_4,1
376,-10.48,REWARD_4,1
377,-10.96,REWARD_4,1
378,-11.68,REWARD_4,1
379,-1.08,REWARD_4,1
380,-1.04,REWARD_4,1
381,-1.48,REWARD_4,1
382,-5.16,REWARD_4,1
383,-4.68,REWARD_4,1
384,-4.16,REWARD_4,1
385,-3.76,REWARD_4,1
386,-2.92,REWARD_4,1
387,-2.92,REWARD_4,1
388,-1.64,REWARD_4,1
389,-1.92,REWARD_4,1
390,-2.6,REWARD_4,1
391,-2.72,REWARD_4,1
392,-2.76,REWARD_4,1
393,-3.76,REWARD_4,1
394,-3.68,REWARD_4,1
395,-4.28,REWARD_4,1
396,-4.68,REWARD_4,1
397,-5.32,REWARD_4,1
398,-5.0,REWARD_4,1
399,-4.76,REWARD_4,1
400,-4.8,REWARD_4,1
401,-2.0,REWARD_4,1
402,-1.4,REWARD_4,1
403,-0.6,REWARD_4,1
404,-1.12,REWARD_4,1
405,-1.64,REWARD_4,1
406,-1.56,REWARD_4,1
407,1.64,REWARD_4,1
408,1.6,REWARD_4,1
409,1.88,REWARD_4,1
410,1.84,REWARD_4,1
411,1.72,REWARD_4,1
412,0.48,REWARD_4,1
413,0.6,REWARD_4,1
414,0.96,REWARD_4,1
415,1.12,REWARD_4,1
416,1.52,REWARD_4,1
417,1.32,REWARD_4,1
418,1.88,REWARD_4,1
419,1.36,REWARD_4,1
420,1.32,REWARD_4,1
421,1.6,REWARD_4,1
422,2.24,REWARD_4,1
423,1.96,REWARD_4,1
424,1.04,REWARD_4,1
425,0.72,REWARD_4,1
426,0.84,REWARD_4,1
427,0.84,REWARD_4,1
428,0.16,REWARD_4,1
429,0.6,REWARD_4,1
430,0.56,REWARD_4,1
431,0.92,REWARD_4,1
432,1.04,REWARD_4,1
433,0.8,REWARD_4,1
434,0.28,REWARD_4,1
435,-0.2,REWARD_4,1
436,-0.8,REWARD_4,1
437,0.72,REWARD_4,1
438,0.52,REWARD_4,1
439,0.6,REWARD_4,1
440,0.24,REWARD_4,1
441,-0.16,REWARD_4,1
442,-0.32,REWARD_4,1
443,0.24,REWARD_4,1
444,0.92,REWARD_4,1
445,0.8,REWARD_4,1
446,0.84,REWARD_4,1
447,0.44,REWARD_4,1
448,-0.52,REWARD_4,1
449,-0.12,REWARD_4,1
450,-0.16,REWARD_4,1
451,-0.48,REWARD_4,1
452,-0.68,REWARD_4,1
453,-1.52,REWARD_4,1
454,-1.96,REWARD_4,1
455,-1.2,REWARD_4,1
456,-1.52,REWARD_4,1
457,-1.24,REWARD_4,1
458,-2.0,REWARD_4,1
459,-1.68,REWARD_4,1
460,-0.92,REWARD_4,1
461,-0.6,REWARD_4,1
462,-0.88,REWARD_4,1
463,-0.88,REWARD_4,1
464,-1.0,REWARD_4,1
465,-0.48,REWARD_4,1
466,0.0,REWARD_4,1
467,0.0,REWARD_4,1
468,-0.68,REWARD_4,1
469,-0.56,REWARD_4,1
470,0.28,REWARD_4,1
471,-0.36,REWARD_4,1
472,-0.16,REWARD_4,1
473,1.24,REWARD_4,1
474,-1.0,REWARD_4,1
475,-0.56,REWARD_4,1
476,-0.32,REWARD_4,1
477,-2.12,REWARD_4,1
478,-1.08,REWARD_4,1
479,-0.72,REWARD_4,1
480,-0.96,REWARD_4,1
481,-0.48,REWARD_4,1
482,-0.64,REWARD_4,1
483,-0.12,REWARD_4,1
484,-1.08,REWARD_4,1
485,-4.24,REWARD_4,1
486,-4.4,REWARD_4,1
487,-4.24,REWARD_4,1
488,-4.12,REWARD_4,1
489,-3.96,REWARD_4,1
490,-3.68,REWARD_4,1
491,-3.68,REWARD_4,1
492,-3.56,REWARD_4,1
493,-3.2,REWARD_4,1
494,-3.52,REWARD_4,1
495,-3.48,REWARD_4,1
496,-3.04,REWARD_4,1
497,-4.16,REWARD_4,1
498,-4.52,REWARD_4,1
499,-1.92,REWARD_4,1
500,-3.48,REWARD_4,1
501,-3.6,REWARD_4,1
502,-1.64,REWARD_4,1
503,-1.4,REWARD_4,1
504,-0.88,REWARD_4,1
505,-1.24,REWARD_4,1
506,-1.52,REWARD_4,1
507,-1.32,REWARD_4,1
508,-1.12,REWARD_4,1
509,0.04,REWARD_4,1
510,1.72,REWARD_4,1
511,2.12,REWARD_4,1
512,1.6,REWARD_4,1
513,1.52,REWARD_4,1
514,1.28,REWARD_4,1
515,0.72,REWARD_4,1
516,0.28,REWARD_4,1
517,-0.28,REWARD_4,1
518,-1.0,REWARD_4,1
519,-0.8,REWARD_4,1
520,-1.6,REWARD_4,1
521,-1.6,REWARD_4,1
522,-0.8,REWARD_4,1
523,-4.96,REWARD_4,1
524,-4.68,REWARD_4,1
525,-3.28,REWARD_4,1
526,-3.76,REWARD_4,1
527,-3.96,REWARD_4,1
528,-3.92,REWARD_4,1
529,-3.92,REWARD_4,1
530,-3.64,REWARD_4,1
531,-3.96,REWARD_4,1
532,-4.08,REWARD_4,1
533,-4.08,REWARD_4,1
534,-4.6,REWARD_4,1
535,-3.32,REWARD_4,1
536,-3.2,REWARD_4,1
537,-2.88,REWARD_4,1
538,-4.68,REWARD_4,1
539,-4.72,REWARD_4,1
540,-4.2,REWARD_4,1
541,-4.24,REWARD_4,1
542,-3.52,REWARD_4,1
543,-2.88,REWARD_4,1
544,-3.2,REWARD_4,1
545,-2.68,REWARD_4,1
546,-3.28,REWARD_4,1
547,-2.72,REWARD_4,1
548,1.64,REWARD_4,1
549,0.92,REWARD_4,1
550,1.12,REWARD_4,1
551,1.68,REWARD_4,1
552,1.8,REWARD_4,1
553,1.88,REWARD_4,1
554,1.76,REWARD_4,1
555,1.92,REWARD_4,1
556,2.32,REWARD_4,1
557,2.4,REWARD_4,1
558,2.16,REWARD_4,1
559,2.8,REWARD_4,1
560,2.32,REWARD_4,1
561,2.08,REWARD_4,1
562,2.04,REWARD_4,1
563,3.96,REWARD_4,1
564,2.92,REWARD_4,1
565,3.08,REWARD_4,1
566,3.32,REWARD_4,1
567,3.48,REWARD_4,1
568,3.08,REWARD_4,1
569,3.4,REWARD_4,1
570,3.64,REWARD_4,1
571,4.2,REWARD_4,1
572,4.04,REWARD_4,1
573,3.92,REWARD_4,1
574,4.6,REWARD_4,1
575,4.4,REWARD_4,1
576,3.56,REWARD_4,1
577,3.52,REWARD_4,1
578,3.44,REWARD_4,1
579,3.0,REWARD_4,1
580,3.0,REWARD_4,1
581,1.96,REWARD_4,1
582,1.48,REWARD_4,1
583,1.8,REWARD_4,1
584,0.96,REWARD_4,1
585,1.8,REWARD_4,1
586,1.04,REWARD_4,1
587,1.16,REWARD_4,1
588,0.96,REWARD_4,1
589,2.2,REWARD_4,1
590,2.08,REWARD_4,1
591,2.24,REWARD_4,1
592,1.76,REWARD_4,1
593,1.8,REWARD_4,1
594,1.84,REWARD_4,1
595,1.76,REWARD_4,1
596,1.36,REWARD_4,1
597,1.44,REWARD_4,1
598,1.04,REWARD_4,1
599,0.24,REWARD_4,1
600,-0.16,REWARD_4,1
601,0.36,REWARD_4,1
602,-0.76,REWARD_4,1
603,-1.36,REWARD_4,1
604,-0.6,REWARD_4,1
605,-0.64,REWARD_4,1
606,0.4,REWARD_4,1
607,-1.76,REWARD_4,1
608,-2.04,REWARD_4,1
609,-1.64,REWARD_4,1
610,-2.44,REWARD_4,1
611,-1.72,REWARD_4,1
612,-1.76,REWARD_4,1
613,-2.0,REWARD_4,1
614,-3.0,REWARD_4,1
615,-2.84,REWARD_4,1
616,-2.96,REWARD_4,1
617,-2.64,REWARD_4,1
618,-2.04,REWARD_4,1
619,-2.6,REWARD_4,1
620,-2.64,REWARD_4,1
621,-2.28,REWARD_4,1
622,-2.64,REWARD_4,1
623,-2.12,REWARD_4,1
624,-1.8,REWARD_4,1
625,-1.24,REWARD_4,1
626,-1.24,REWARD_4,1
627,-0.52,REWARD_4,1
628,-0.24,REWARD_4,1
629,-0.96,REWARD_4,1
630,-0.88,REWARD_4,1
631,-2.12,REWARD_4,1
632,0.76,REWARD_4,1
633,1.36,REWARD_4,1
634,1.36,REWARD_4,1
635,1.2,REWARD_4,1
636,1.44,REWARD_4,1
637,0.96,REWARD_4,1
638,1.16,REWARD_4,1
639,2.12,REWARD_4,1
640,2.04,REWARD_4,1
641,2.2,REWARD_4,1
642,2.44,REWARD_4,1
643,2.28,REWARD_4,1
644,2.88,REWARD_4,1
645,1.84,REWARD_4,1
646,1.72,REWARD_4,1
647,2.08,REWARD_4,1
648,1.8,REWARD_4,1
649,1.92,REWARD_4,1
650,2.0,REWARD_4,1
651,1.52,REWARD_4,1
652,1.88,REWARD_4,1
653,1.56,REWARD_4,1
654,2.0,REWARD_4,1
655,1.48,REWARD_4,1
656,2.48,REWARD_4,1
657,2.2,REWARD_4,1
658,1.32,REWARD_4,1
659,1.48,REWARD_4,1
660,2.2,REWARD_4,1
661,1.12,REWARD_4,1
662,1.8,REWARD_4,1
663,1.76,REWARD_4,1
664,2.0,REWARD_4,1
665,1.48,REWARD_4,1
666,0.88,REWARD_4,1
667,-0.6,REWARD_4,1
668,-0.56,REWARD_4,1
669,-1.12,REWARD_4,1
670,-0.08,REWARD_4,1
671,-0.76,REWARD_4,1
672,-0.68,REWARD_4,1
673,-0.92,REWARD_4,1
674,-1.76,REWARD_4,1
675,-2.08,REWARD_4,1
676,-1.48,REWARD_4,1
677,-1.4,REWARD_4,1
678,-1.4,REWARD_4,1
679,-1.84,REWARD_4,1
680,-1.64,REWARD_4,1
681,-1.6,REWARD_4,1
682,-1.68,REWARD_4,1
683,-0.8,REWARD_4,1
684,-0.88,REWARD_4,1
685,-1.6,REWARD_4,1
686,-0.36,REWARD_4,1
687,-0.4,REWARD_4,1
688,-0.6,REWARD_4,1
689,-1.72,REWARD_4,1
690,-1.32,REWARD_4,1
691,-1.12,REWARD_4,1
692,-0.24,REWARD_4,1
693,-0.76,REWARD_4,1
694,-0.72,REWARD_4,1
695,-0.52,REWARD_4,1
696,0.48,REWARD_4,1
697,0.6,REWARD_4,1
698,1.24,REWARD_4,1
699,2.28,REWARD_4,1
700,2.52,REWARD_4,1
701,2.84,REWARD_4,1
702,2.28,REWARD_4,1
703,3.0,REWARD_4,1
704,3.32,REWARD_4,1
705,3.28,REWARD_4,1
706,2.36,REWARD_4,1
707,2.44,REWARD_4,1
708,2.16,REWARD_4,1
709,1.96,REWARD_4,1
710,2.76,REWARD_4,1
711,2.04,REWARD_4,1
712,1.4,REWARD_4,1
713,1.4,REWARD_4,1
714,1.92,REWARD_4,1
715,1.6,REWARD_4,1
716,1.84,REWARD_4,1
717,2.36,REWARD_4,1
718,2.72,REWARD_4,1
719,3.16,REWARD_4,1
720,3.16,REWARD_4,1
721,3.12,REWARD_4,1
722,2.92,REWARD_4,1
723,2.32,REWARD_4,1
724,2.08,REWARD_4,1
725,2.0,REWARD_4,1
726,1.92,REWARD_4,1
727,2.36,REWARD_4,1
728,1.68,REWARD_4,1
729,1.48,REWARD_4,1
730,1.88,REWARD_4,1
731,3.04,REWARD_4,1
732,3.32,REWARD_4,1
733,3.48,REWARD_4,1
734,2.88,REWARD_4,1
735,2.84,REWARD_4,1
736,2.68,REWARD_4,1
737,3.08,REWARD_4,1
738,3.24,REWARD_4,1
739,3.04,REWARD_4,1
740,2.84,REWARD_4,1
741,2.92,REWARD_4,1
742,3.08,REWARD_4,1
743,3.44,REWARD_4,1
744,2.08,REWARD_4,1
745,1.88,REWARD_4,1
746,1.76,REWARD_4,1
747,1.04,REWARD_4,1
748,1.36,REWARD_4,1
749,1.52,REWARD_4,1
750,0.24,REWARD_4,1
751,0.04,REWARD_4,1
752,0.04,REWARD_4,1
753,-0.2,REWARD_4,1
754,-0.12,REWARD_4,1
755,-0.44,REWARD_4,1
756,-1.52,REWARD_4,1
757,-1.52,REWARD_4,1
758,-2.0,REWARD_4,1
759,-1.6,REWARD_4,1
760,-2.76,REWARD_4,1
761,-3.16,REWARD_4,1
762,-3.52,REWARD_4,1
763,-3.44,REWARD_4,1
764,-2.96,REWARD_4,1
765,-2.44,REWARD_4,1
766,-2.44,REWARD_4,1
767,-2.6,REWARD_4,1
768,-3.24,REWARD_4,1
769,-1.88,REWARD_4,1
770,-2.12,REWARD_4,1
771,-2.6,REWARD_4,1
772,-2.36,REWARD_4,1
773,-2.12,REWARD_4,1
774,-2.48,REWARD_4,1
775,-1.28,REWARD_4,1
776,-1.6,REWARD_4,1
777,-1.88,REWARD_4,1
778,-1.6,REWARD_4,1
779,-1.12,REWARD_4,1
780,-0.96,REWARD_4,1
781,0.16,REWARD_4,1
782,-0.48,REWARD_4,1
783,-0.2,REWARD_4,1
784,-0.08,REWARD_4,1
785,1.0,REWARD_4,1
786,1.56,REWARD_4,1
787,1.6,REWARD_4,1
788,1.68,REWARD_4,1
789,1.68,REWARD_4,1
790,1.8,REWARD_4,1
791,0.96,REWARD_4,1
792,0.4,REWARD_4,1
793,1.28,REWARD_4,1
794,1.24,REWARD_4,1
795,1.52,REWARD_4,1
796,2.24,REWARD_4,1
797,2.16,REWARD_4,1
798,1.56,REWARD_4,1
799,1.52,REWARD_4,1
800,1.08,REWARD_4,1
801,1.92,REWARD_4,1
802,1.76,REWARD_4,1
803,2.4,REWARD_4,1
804,1.76,REWARD_4,1
805,1.8,REWARD_4,1
806,1.4,REWARD_4,1
807,1.84,REWARD_4,1
808,2.04,REWARD_4,1
809,2.44,REWARD_4,1
810,2.44,REWARD_4,1
811,2.56,REWARD_4,1
812,3.0,REWARD_4,1
813,3.12,REWARD_4,1
814,3.24,REWARD_4,1
815,3.12,REWARD_4,1
816,3.6,REWARD_4,1
817,3.56,REWARD_4,1
818,3.28,REWARD_4,1
819,3.36,REWARD_4,1
820,3.12,REWARD_4,1
821,2.72,REWARD_4,1
822,3.24,REWARD_4,1
823,3.36,REWARD_4,1
824,3.64,REWARD_4,1
825,3.8,REWARD_4,1
826,3.4,REWARD_4,1
827,3.56,REWARD_4,1
828,2.84,REWARD_4,1
829,3.32,REWARD_4,1
830,3.2,REWARD_4,1
831,3.4,REWARD_4,1
832,3.32,REWARD_4,1
833,3.24,REWARD_4,1
834,3.12,REWARD_4,1
835,3.08,REWARD_4,1
836,2.92,REWARD_4,1
837,1.88,REWARD_4,1
838,1.88,REWARD_4,1
839,1.52,REWARD_4,1
840,1.8,REWARD_4,1
841,2.32,REWARD_4,1
842,3.0,REWARD_4,1
843,2.56,REWARD_4,1
844,2.24,REWARD_4,1
845,2.2,REWARD_4,1
846,2.48,REWARD_4,1
847,2.6,REWARD_4,1
848,3.12,REWARD_4,1
849,3.2,REWARD_4,1
850,3.72,REWARD_4,1
851,3.72,REWARD_4,1
852,4.2,REWARD_4,1
853,4.32,REWARD_4,1
854,4.36,REWARD_4,1
855,4.64,REWARD_4,1
856,4.96,REWARD_4,1
857,4.24,REWARD_4,1
858,2.52,REWARD_4,1
859,2.52,REWARD_4,1
860,2.32,REWARD_4,1
861,2.76,REWARD_4,1
862,3.84,REWARD_4,1
863,2.92,REWARD_4,1
864,3.16,REWARD_4,1
865,2.64,REWARD_4,1
866,1.8,REWARD_4,1
867,1.6,REWARD_4,1
868,2.16,REWARD_4,1
869,2.48,REWARD_4,1
870,2.76,REWARD_4,1
871,2.64,REWARD_4,1
872,1.36,REWARD_4,1
873,0.84,REWARD_4,1
874,1.12,REWARD_4,1
875,0.92,REWARD_4,1
876,1.12,REWARD_4,1
877,0.64,REWARD_4,1
878,0.92,REWARD_4,1
879,1.08,REWARD_4,1
880,1.04,REWARD_4,1
881,-0.24,REWARD_4,1
882,0.48,REWARD_4,1
883,2.2,REWARD_4,1
884,2.4,REWARD_4,1
885,2.52,REWARD_4,1
886,2.76,REWARD_4,1
887,2.04,REWARD_4,1
888,3.04,REWARD_4,1
889,3.2,REWARD_4,1
890,3.44,REWARD_4,1
891,4.04,REWARD_4,1
892,4.2,REWARD_4,1
893,4.0,REWARD_4,1
894,3.84,REWARD_4,1
895,3.4,REWARD_4,1
896,3.6,REWARD_4,1
897,4.48,REWARD_4,1
898,4.8,REWARD_4,1
899,4.24,REWARD_4,1
900,4.44,REWARD_4,1
901,3.8,REWARD_4,1
902,4.0,REWARD_4,1
903,4.24,REWARD_4,1
904,3.92,REWARD_4,1
905,3.88,REWARD_4,1
906,4.8,REWARD_4,1
907,5.04,REWARD_4,1
908,5.04,REWARD_4,1
909,4.44,REWARD_4,1
910,3.96,REWARD_4,1
911,3.92,REWARD_4,1
912,4.28,REWARD_4,1
913,3.56,REWARD_4,1
914,3.64,REWARD_4,1
915,3.64,REWARD_4,1
916,3.72,REWARD_4,1
917,3.6,REWARD_4,1
918,3.6,REWARD_4,1
919,3.8,REWARD_4,1
920,3.8,REWARD_4,1
921,3.88,REWARD_4,1
922,4.28,REWARD_4,1
923,4.48,REWARD_4,1
924,5.0,REWARD_4,1
925,4.2,REWARD_4,1
926,5.04,REWARD_4,1
927,4.92,REWARD_4,1
928,4.52,REWARD_4,1
929,3.96,REWARD_4,1
930,3.84,REWARD_4,1
931,3.88,REWARD_4,1
932,3.56,REWARD_4,1
933,3.56,REWARD_4,1
934,3.8,REWARD_4,1
935,4.4,REWARD_4,1
936,4.36,REWARD_4,1
937,4.28,REWARD_4,1
938,4.24,REWARD_4,1
939,4.0,REWARD_4,1
940,4.0,REWARD_4,1
941,3.44,REWARD_4,1
942,3.56,REWARD_4,1
943,3.24,REWARD_4,1
944,2.76,REWARD_4,1
945,3.12,REWARD_4,1
946,2.88,REWARD_4,1
947,2.28,REWARD_4,1
948,2.32,REWARD_4,1
949,2.08,REWARD_4,1
950,2.36,REWARD_4,1
951,1.56,REWARD_4,1
952,1.44,REWARD_4,1
953,1.68,REWARD_4,1
954,2.48,REWARD_4,1
955,2.12,REWARD_4,1
956,2.28,REWARD_4,1
957,1.88,REWARD_4,1
958,1.96,REWARD_4,1
959,2.44,REWARD_4,1
960,2.24,REWARD_4,1
961,2.04,REWARD_4,1
962,1.44,REWARD_4,1
963,1.92,REWARD_4,1
964,1.4,REWARD_4,1
965,1.44,REWARD_4,1
966,2.08,REWARD_4,1
967,1.84,REWARD_4,1
968,2.12,REWARD_4,1
969,1.84,REWARD_4,1
970,2.24,REWARD_4,1
971,1.96,REWARD_4,1
972,1.76,REWARD_4,1
973,1.24,REWARD_4,1
974,1.32,REWARD_4,1
975,1.84,REWARD_4,1
976,1.84,REWARD_4,1
977,2.04,REWARD_4,1
978,1.52,REWARD_4,1
979,0.76,REWARD_4,1
980,1.2,REWARD_4,1
981,1.0,REWARD_4,1
982,1.72,REWARD_4,1
983,1.24,REWARD_4,1
984,1.24,REWARD_4,1
985,0.92,REWARD_4,1
986,0.56,REWARD_4,1
987,1.52,REWARD_4,1
988,1.76,REWARD_4,1
989,1.8,REWARD_4,1
990,1.56,REWARD_4,1
991,1.08,REWARD_4,1
992,0.16,REWARD_4,1
993,0.4,REWARD_4,1
994,0.88,REWARD_4,1
995,0.64,REWARD_4,1
996,1.2,REWARD_4,1
997,1.76,REWARD_4,1
998,1.24,REWARD_4,1
999,1.28,REWARD_4,1
1000,0.72,REWARD_4,1
